Workbook

Sheet HOME
A1: Portfolio Content Hub
A2: Edit the workbook from a single control center, then sync the site.
A3: MASTER WORKBOOK | LAST SYNC 2026-10-25 20:55:30 UTC | CTRL+CLICK LINKS TO NAVIGATE
A4: Use the cards below for primary editing, the workflow panel for the sync cycle, and the grouped panels at the bottom for advanced sheets.
A5: PROFILE | F5: PROJECTS | K5: TESTIMONIALS
A6: Identity and about copy | F6: 7 showcased projects | K6: 17 client reviews
A8: 1 main editor surface | D8: Open sheet | F8: Cards, media wiring, stack, and ordering | I8: Open sheet | K8: Featured order, sources, and avatar assets | N8: Open sheet
A10: HERO | F10: CONTACT | K10: ASSETS
A11: 2 metadata rows | F11: 4 social links | K11: 50 registered assets
A13: Landing copy, labels, and CTA wiring | D13: Open sheet | F13: Form labels, metadata, and footer copy | I13: Open sheet | K13: Sources, resolved paths, usage, and previews | N13: Open sheet
A16: WORKFLOW | I16: COMMON EDITS
A17: 1. Jump into the section you want to edit. 2. Make changes inside the shaded input area. 3. Run npm run content:check for validation only. 4. Run npm run content:sync to refresh the workbook and runtime JSON. 5. Run npm run build when you want a full site verification. | I17: Fast entry points for the sheets you will touch most often.
I18: Workbook Guide
I19: Profile
I20: Projects
I21: Testimonials
A23: ADVANCED SHEETS
A24: SITE FRAME | D24: ABOUT | G24: TERMINAL | J24: RELATIONS | M24: SOURCES
A25: Navigation shell | D25: Bio and hero support | G25: Command UX copy | J25: Skills and project links | M25: Proof and footer
A26: Navigation Config | D26: About Bio | G26: Terminal | J26: Skill Categories | M26: Testimonial Sources
A27: Navigation | D27: About Stats | G27: Terminal Lines | J27: Skill Items | M27: Contact Social
A28: Section Headers | D28: Hero Metadata | G28: Terminal Capabilities | J28: Project Stack | M28: Contact Metadata
J29: Project Architecture | M29: Footer

Sheet README
A1: Workbook Guide
A2: Editing rules, shortcuts, and the quickest path to each content area.
A3: GUIDE SHEET | LAST SYNC 2026-10-25 20:55:30 UTC | START FROM HOME FOR THE FASTEST FLOW
A4: Back to HOME | C4: Use the quick links below for the main editing areas. Open HOME if you need the full grouped navigation map.
A5: Profile | C5: Projects | E5: Testimonials | G5: Assets | I5: Preview
A7: SOURCE OF TRUTH | E7: COMMAND FLOW | I7: LINK BEHAVIOR
A8: Edit only src/data/content/portfolio-master.xlsx. The website consumes generated JSON, but the workbook is the only place you should author content. | E8: content:init -> one-time bootstrap only content:check -> validation without publishing content:sync -> rebuild workbook UI and runtime JSON build -> final site verification | I8: CTRL+CLICK linked ids to jump between sheets. assetId, project_id, sourceKey, and preview links are wired automatically every sync.
A13: ADD A PROJECT | E13: ADD A TESTIMONIAL | I13: ASSET MODES
A14: 1. Add a row in PROJECTS. 2. Add stack rows in PROJECT_STACK. 3. Add architecture rows in PROJECT_ARCH. 4. Point media fields to asset ids from ASSETS. 5. Run content:sync. | E14: 1. Add a row in TESTIMONIALS. 2. Reuse or add a source preset in TESTIMONIAL_SOURCES. 3. Set featured = TRUE to show it on the site. 4. Use featuredOrder to control visible order and highlighted = TRUE to visually emphasize it. 5. Run content:sync. | I14: existing_public -> file already lives inside public/ import_local -> copy a local file into public/ external_url -> point directly to a remote asset
A20: PRIMARY EDIT SURFACES | G20: ADVANCED SHEETS
A21: Profile | G21: Navigation Config
A22: Hero | G22: Navigation
A23: Projects | G23: About Bio
A24: Testimonials | G24: About Stats
A25: Contact | G25: Hero Metadata
A26: Assets | G26: Terminal
A27: Asset Preview Index | G27: Terminal Lines
G28: Open HOME for the full grouped list of advanced sheets.

Sheet _LOOKUPS
A1: booleanValues | B1: starValues | C1: assetKinds | D1: assetModes | E1: demoTypes | F1: iconFits | G1: terminalColors | H1: terminalGroups | I1: skillColors | J1: skillIcons | K1: socialIcons | L1: sourceKeys | M1: projectIds | N1: assetIds | O1: categoryIds | P1: sectionIds
A2: TRUE | B2: 1 | C2: image | D2: existing_public | E2: video | F2: auto | G2: electric-green | H2: initial | I2: electric-green | J2: Cpu | K2: Github | L2: fiverr | M2: 1 | N2: profile-avatar | O2: core-development | P2: about
A3: FALSE | B3: 2 | C3: video | D3: import_local | E3: image | F3: cover | G3: electric-cyan | H3: greeting | I3: electric-cyan | J3: Brain | K3: Linkedin | L3: direct | M3: 2 | N3: project-1-video | O3: ai-vision-workflows | P3: projects
B4: 3 | C4: icon | D4: external_url | E4: youtube | G4: white | J4: Layers | K4: Twitter | M4: 3 | N4: project-1-thumbnail | O4: frontend-interactive-systems | P4: tech
B5: 4 | C5: other | G5: gray | J5: Globe | K5: Upwork | M5: 4 | N5: project-1-icon | O5: infra-delivery | P5: architect
B6: 5 | M6: 5 | N6: project-2-video | P6: console
M7: 6 | N7: project-2-thumbnail
M8: 7 | N8: project-2-icon
N9: project-3-video
N10: project-3-thumbnail
N11: project-3-icon
N12: project-4-video
N13: project-4-thumbnail
N14: project-4-icon
N15: project-5-video
N16: project-5-thumbnail
N17: project-5-icon
N18: testimonial-client3
N19: testimonial-client2
N20: testimonial-client1
... N51: datacraft-video

Sheet PROFILE
A1: Profile
A2: Identity, bio headline, social links, and testimonial section copy.
A3: PRIMARY EDIT SURFACE | LAST SYNC 2026-10-25 20:55:30 UTC
A4: Back to HOME | C4: Guide | E4: Prev: Workbook Guide | G4: Next: Hero | I4: About Bio | K4: About Stats | M4: Assets
A5: Primary editing surface. Keep changes inside the table area and use linked ids to move between related records.
A6: Required | C6: Optional | E6: Generated | G6: Linked
A7: Editable data starts below. Use dropdown cells where present, and CTRL+CLICK linked ids to jump between related sheets.
A8: name | B8: role | C8: tagline | D8: avatarAssetId | E8: aboutTitle | F8: featuredProjectId | G8: featuredProjectLabel | H8: philosophyLabel | I8: philosophyQuote | J8: github | K8: linkedin | L8: testimonialsTitle | M8: testimonialsSubtitle | N8: rowStatus
A9: Alberto Medina Garcia | B9: Computer Engineering student & software developer | C9: I build reliable products, automation workflows, and AI systems with clear product thinking. | D9: profile-avatar | E9: From game development to everyday tools. | F9: 7 | G9: An independent product | H9: Working with AI | I9: AI helps me move faster. I review the code, test the result and take responsibility for what ships. | J9: https://github.com/Albjav12345 | K9: https://www.linkedin.com/in/alberto-medina-dev/ | L9: Verified Client Feedback | M9: Real feedback from completed Fiverr orders. Client handles and avatars are anonymized for privacy. | N9: READY

Sheet HERO
A1: Hero
A2: Landing copy, calls to action, and top-level positioning.
A3: PRIMARY EDIT SURFACE | LAST SYNC 2026-10-25 20:55:30 UTC
A4: Back to HOME | C4: Guide | E4: Prev: Profile | G4: Next: Projects | I4: Hero Metadata
A5: Navigation
A6: Required | B6: Optional | C6: Generated | D6: Linked
A7: Editable data starts below. Use dropdown cells where present, and CTRL+CLICK linked ids to jump between related sheets.
A8: priorityLabel | B8: titleWhite | C8: titleGreen | D8: handle | E8: description | F8: buttonTerminal | G8: buttonCv | H8: buttonCvPending | I8: buttonCvHref | J8: rowStatus
A9: FULL-STACK SYSTEMS / AUTOMATION / AI | B9: ALBERTO | C9: MEDINA | D9: @Albjav12345 | E9: I design and ship full-stack products, automation workflows, and AI systems—from polished interfaces to reliable backend operations. | F9: ACCESS_TERMINAL | G9: DOWNLOAD_CV.PDF | H9: CV_PENDING | I9: /Alberto_Medina_CV_2026.pdf | J9: READY

Sheet PROJECTS
A1: Projects
A2: Main project cards, value story, media wiring, and ordering.
A3: PRIMARY EDIT SURFACE | LAST SYNC 2026-10-25 20:55:30 UTC
A4: Back to HOME | C4: Guide | E4: Prev: Hero | G4: Next: Testimonials | I4: Project Stack | K4: Project Architecture | M4: Assets
A5: Primary editing surface. Keep changes inside the table area and use linked ids to move between related records.
A6: Required | C6: Optional | E6: Generated | G6: Linked
A7: Editable data starts below. Use dropdown cells where present, and CTRL+CLICK linked ids to jump between related sheets.
A8: id | B8: title | C8: subtitle | D8: problem | E8: solution | F8: githubLink | G8: itchLink | H8: assetStoreLink | I8: assetStoreComingSoon | J8: gallerySize | K8: cardLabel | L8: galleryAssetIds | M8: demoEmbedUrl | N8: demoType | O8: videoAssetId | P8: thumbnailAssetId | Q8: iconAssetId | R8: iconFit | S8: iconScale | T8: order | U8: enabled | V8: rowStatus
A9: 1 | B9: Unity Interface Systems | C9: High-Fidelity Real-Time UX | D9: A lot of developers can build tools. Far fewer can build custom interfaces that feel intentional inside a real-time engine. | E9: I built polished Unity interfaces and supporting shader work to show that I can design and implement unusual UI systems, not just standard app screens. | F9: https://github.com/Albjav12345/unity-interfaces | I9: FALSE | N9: video | O9: project-1-video | P9: project-1-thumbnail | Q9: project-1-icon | S9: 1.3 | T9: 2 | U9: TRUE | V9: READY
A10: 2 | B10: Smart Inbox Manager | C10: Autonomous Corporate Email Triage | D10: Sales and partnership inboxes become noisy fast, and teams lose time triaging the same messages manually. | E10: I built a full-stack AI workflow that classifies incoming emails, drafts first replies, and keeps a human in control where it matters. | F10: https://github.com/Albjav12345/zero_touch_email_bot | I10: FALSE | J10: wide | N10: video | O10: project-2-video | P10: project-2-thumbnail | Q10: project-2-icon | R10: auto | S10: 1.25 | T10: 4 | U10: TRUE | V10: READY
A11: 3 | B11: Padel Booking Platform | C11: Live Availability & Conflict-Free Booking | D11: Manual booking created conflicts, stale availability, and too much back-and-forth for users. | E11: I shipped a serverless PWA with real-time sync and validation so availability updates instantly and booking conflicts are resolved at the system level. | F11: https://github.com/Albjav12345/padel-sync | I11: FALSE | N11: video | O11: project-3-video | P11: project-3-thumbnail | Q11: project-3-icon | T11: 3 | U11: TRUE | V11: READY
A12: 4 | B12: Twitch Live Analytics | C12: Real-time Streamer Detection | D12: Finding live streamers in Fortnite lobbies manually was slow, repetitive, and easy to get wrong. | E12: I automated the workflow with screen capture, OCR, and Twitch API checks so detection became fast, repeatable, and much easier to monitor. | F12: https://github.com/Albjav12345/Fortnite-Lobby-Stream-Finder | I12: FALSE | N12: video | O12: project-4-video | P12: project-4-thumbnail | Q12: project-4-icon | S12: 1.3 | T12: 5 | U12: TRUE | V12: READY
A13: 5 | B13: USB Exfiltration Tool | C13: Controlled Security Research & Endpoint Automation | D13: Authorized endpoint collection can fail because of file locks, manual steps, and inconsistent evidence handling during controlled security exercises. | E13: I built a Windows-based acquisition workflow for authorized lab and red-team scenarios, combining native system polling, explicit operator controls, and low-friction evidence collection. | F13: https://github.com/Albjav12345/Automated-USB-Exfiltration | I13: FALSE | J13: half | N13: video | O13: project-5-video | P13: project-5-thumbnail | Q13: project-5-icon | R13: auto | T13: 6 | U13: TRUE | V13: READY
A14: 6 | B14: Remote PC Bridge | C14: ESP32 Wake-on-LAN & Remote Streaming Diagnostics | D14: A home PC that is powered off cannot be reached through remote streaming, and failures across the wake and connection path are hard to pinpoint. | E14: I built a Windows controller and ESP32 firmware that wake the PC over the home network, check each connection stage, and launch Moonlight when the desktop is ready. | F14: https://github.com/Albjav12345/remote-pc-bridge | I14: FALSE | J14: half | N14: video | O14: project-6-video | P14: project-6-thumbnail | Q14: project-6-icon | R14: auto | S14: 1 | T14: 7 | U14: TRUE | V14: READY
A15: 7 | B15: DataCraft | C15: Visual JSON tools for Unity | D15: Game data, API responses and player saves often live in scattered files and custom scripts. Unity teams need a visual workflow with a reliable path to gameplay. | E15: I built a commercial Unity asset for typed templates, linked instances, JSON/CSV transfer, API-to-C# generation and local saves. Validation and explicit catalog publishing keep editable drafts, gameplay data and player progress separate. | G15: https://albjav12345.itch.io/datacraft | I15: TRUE | J15: feature | K15: Independent Unity asset | L15: datacraft-gallery-1|datacraft-gallery-2|datacraft-gallery-3|datacraft-gallery-4|datacraft-gallery-5|datacraft-gallery-6|datacraft-gallery-7|datacraft-gallery-8 | M15: https://www.youtube-nocookie.com/embed/Uqpto9OyuA0 | N15: video | O15: datacraft-video | P15: datacraft-cover | Q15: datacraft-icon | R15: auto | S15: 1 | T15: 1 | U15: TRUE | V15: READY

Sheet TESTIMONIALS
A1: Testimonials
A2: Review copy, star rating, featured placement, and avatar assets.
A3: PRIMARY EDIT SURFACE | LAST SYNC 2026-10-25 20:55:30 UTC
A4: Back to HOME | C4: Guide | E4: Prev: Projects | G4: Next: Contact | I4: Testimonial Sources | K4: Assets
A5: Primary editing surface. Keep changes inside the table area and use linked ids to move between related records.
A6: Required | C6: Optional | E6: Generated | G6: Linked
A7: Editable data starts below. Use dropdown cells where present, and CTRL+CLICK linked ids to jump between related sheets.
A8: id | B8: sourceKey | C8: labelOverride | D8: clientName | E8: clientType | F8: serviceOverride | G8: review | H8: starRating | I8: gigTitle | J8: createdAt | K8: avatarAssetId | L8: featured | M8: featuredOrder | N8: highlighted | O8: order | P8: rowStatus
A9: unity-progress-communication | B9: fiverr | E9: Indie Founder / First Delivery | F9: Unity UI / Editor Tools | G9: It's been a pleasure working with Alberto. He has been great at communicating the the progress of the project, sharing updates and asking for feedback to ensure requirements where meet. He has been pleasant to work with and delivered a very professional job. Will definitely recommend for UI Unity projects and hope to work with again. | H9: 2 | I9: create professional unity editor windows or game uis with uxml | J9: 2024-06-16T19:22:08Z | K9: testimonial-client8 | L9: FALSE | N9: FALSE | O9: 1 | P9: LIBRARY
A10: unity-fast-delivery | B10: fiverr | E10: Solo Developer / Tight Deadline | F10: Unity UI / Editor Tools | G10: Very professional job. Sent timely updates during the project. Asked for clarification when needed and delivered sooner than we originally agreed. | H10: 3 | I10: create professional unity editor windows or game uis with uxml | J10: 2024-07-02T16:25:00Z | K10: testimonial-client13 | L10: TRUE | M10: 3 | N10: FALSE | O10: 2 | P10: FEATURED
A11: unity-communication | B11: fiverr | E11: Indie Buyer / Feedback Loop | F11: Unity UI / Editor Tools | G11: Great work and great communication. | H11: 4 | I11: create professional unity editor windows or game uis with uxml | J11: 2024-07-05T20:42:58Z | K11: testimonial-client14 | L11: TRUE | M11: 5 | N11: FALSE | O11: 3 | P11: FEATURED
A12: unity-great-work | B12: fiverr | E12: Game Creator / Small Sprint | F12: Unity UI / Editor Tools | G12: Great work! | H12: 5 | I12: create professional unity editor windows or game uis with uxml | J12: 2024-07-21T14:05:57Z | K12: testimonial-client2 | L12: FALSE | N12: FALSE | O12: 4 | P12: LIBRARY
A13: unity-complex-ownership | B13: fiverr | E13: Indie Studio / Systems Owner | F13: Unity UI / Game Systems | G13: Much better than expected. He did a good job with somewhat complex tasks and overcame them quite well. He has not only limited himself to the main stuff, but contributed with ideas and helped me in other aspects of the project. He's done his work against the clock, with commitment and eagerness to do a well done job, so I hope we could work soon again together! | H13: 5 | I13: create professional unity game uis or editor windows with ui toolkit | J13: 2024-07-29T16:57:35Z | K13: testimonial-client12 | L13: TRUE | M13: 1 | N13: TRUE | O13: 5 | P13: FEATURED / HIGHLIGHTED
A14: unity-repeat-client | B14: fiverr | E14: Returning Buyer / Active Build | F14: Unity UI / Game Systems | G14: Great work as always | H14: 5 | I14: create professional unity game uis or editor windows with ui toolkit | J14: 2024-09-27T19:47:17Z | K14: testimonial-client15 | L14: TRUE | M14: 7 | N14: FALSE | O14: 6 | P14: FEATURED
A15: automation-seo-detail | B15: fiverr | E15: Local Brand / Image Library | F15: Automation / Metadata Workflow | G15: I had a fantastic experience working with this professional. The attention to detail in optimizing my images for SEO, including the meticulous work with geotags, keywords, and descriptions, was exceptional. Every instruction I provided was followed precisely, and the final files were delivered in perfect order. Highly recommended for anyone looking to enhance their visual content for better search engine performance. I will definitely use their services again! | H15: 5 | I15: edit photos and videos metadata for easy gallery managing | J15: 2024-11-07T20:02:11Z | K15: testimonial-client5 | L15: FALSE | N15: FALSE | O15: 7 | P15: LIBRARY
A16: automation-exceeded-expectations | B16: fiverr | E16: Agency Owner / Client Handoff | F16: Automation / SEO Workflow | G16: Alberto Medina truly exceeded my expectations with his attention to detail and professionalism. Working with him was a pleasure; he was cooperative, went above and beyond, and remained polite throughout. Highly recommend! 👏 | H16: 5 | I16: edit photos and videos metadata for gallery and seo managing | J16: 2024-11-08T22:07:56Z | K16: testimonial-pack-leaf | L16: TRUE | M16: 2 | N16: TRUE | O16: 8 | P16: FEATURED / HIGHLIGHTED
A17: automation-gallery-spanish | B17: fiverr | E17: Photo Seller / Gallery Sorting | F17: Automation / SEO Workflow | G17: Muy satisfecho con el servicio. Este vendedor hizo un excelente trabajo ajustando los metadatos de 30 fotos para que se ordenen correctamente en mi galería. Fue rápido y eficiente, justo lo que necesitaba. Estaré encantado de volver a trabajar con el en un futuro! | H17: 5 | I17: edit photos and videos metadata for gallery and seo managing | J17: 2024-11-09T18:29:07Z | K17: testimonial-client8 | L17: FALSE | N17: FALSE | O17: 9 | P17: LIBRARY
A18: automation-fiverr-credit | B18: fiverr | E18: Content Team / Process Cleanup | F18: Automation / SEO Workflow | G18: Alberto is a real credit to Fiverr. Exceptional talent. Highly recommended. Hope to work with him again. | H18: 5 | I18: edit photos and videos metadata for gallery and seo managing | J18: 2024-11-19T14:13:23Z | K18: testimonial-pack-av | L18: TRUE | M18: 4 | N18: TRUE | O18: 10 | P18: FEATURED / HIGHLIGHTED
A19: automation-outstanding-work | B19: fiverr | E19: Shop Owner / Batch Delivery | F19: Automation / SEO Workflow | G19: Thank you very much, I am surprised by the very, very good work, it exceeded my expectations. I will let Alberto do more projects. Thanks again for your outstanding work! | H19: 5 | I19: edit photos and videos metadata for gallery and seo managing | J19: 2024-12-08T08:55:41Z | K19: testimonial-client3 | L19: FALSE | N19: FALSE | O19: 11 | P19: LIBRARY
A20: automation-communication-timelines | B20: fiverr | E20: SEO Consultant / Revision Round | F20: Automation / SEO Workflow | G20: Alberto is exceptional, quick understanding, excellent communication and meeting expectations and timelines. He did any revisions needed with no hassle. Highly recommended. | H20: 5 | I20: edit photos and videos metadata for gallery and seo managing | J20: 2024-12-12T19:03:03Z | K20: testimonial-pack-signature | L20: TRUE | M20: 6 | N20: TRUE | O20: 12 | P20: FEATURED / HIGHLIGHTED
A21: automation-wonderful-details | B21: fiverr | E21: Media Archive / Detail Pass | F21: Automation / SEO Workflow | G21: Wonderful details | H21: 5 | I21: edit photos and videos metadata for gallery and seo managing | J21: 2024-12-15T18:18:51Z | K21: testimonial-client4 | L21: FALSE | N21: FALSE | O21: 13 | P21: LIBRARY
A22: automation-vigor | B22: fiverr | E22: Ops Support / Bulk Task | F22: Automation / SEO Workflow | G22: Handled the task with vigor | H22: 5 | I22: edit photos and videos metadata for seo and gallery managing | J22: 2025-01-06T09:56:00Z | K22: testimonial-client7 | L22: FALSE | N22: FALSE | O22: 14 | P22: LIBRARY
A23: automation-fast-turnaround | B23: fiverr | E23: Urgent Order / Quick Turnaround | F23: Automation / SEO Workflow | G23: Good job and fast | H23: 5 | I23: edit photos and videos metadata for seo and gallery managing | J23: 2025-01-06T17:58:51Z | K23: testimonial-client6 | L23: FALSE | N23: FALSE | O23: 15 | P23: LIBRARY
A24: automation-highly-recommend | B24: fiverr | E24: Returning Buyer / Quick Fix | F24: Automation / SEO Workflow | G24: He's great. I highly recommend | H24: 5 | I24: edit photos and videos metadata for seo and gallery managing | J24: 2025-01-30T18:59:30Z | K24: testimonial-client11 | L24: FALSE | N24: FALSE | O24: 16 | P24: LIBRARY
A25: automation-nice-guy | B25: fiverr | E25: Solo Operator / One-Off Request | F25: Automation / SEO Workflow | G25: Nice guy he does his work good! Go check him out guys | H25: 5 | I25: edit photos and videos metadata for seo and gallery managing | J25: 2025-01-31T10:10:16Z | K25: testimonial-client1 | L25: FALSE | N25: FALSE | O25: 17 | P25: LIBRARY

Sheet CONTACT
A1: Contact
A2: Primary contact copy, form labels, response states, and endpoint info.
A3: PRIMARY EDIT SURFACE | LAST SYNC 2026-10-25 20:55:30 UTC
A4: Back to HOME | C4: Guide | E4: Prev: Testimonials | G4: Next: Assets | I4: Contact Social | K4: Contact Metadata | M4: Footer
A5: Primary editing surface. Keep changes inside the table area and use linked ids to move between related records.
A6: Required | C6: Optional | E6: Generated | G6: Linked
A7: Editable data starts below. Use dropdown cells where present, and CTRL+CLICK linked ids to jump between related sheets.
A8: label | B8: titleLine1 | C8: titleLine2 | D8: description | E8: endpointLabel | F8: email | G8: formNameLabel | H8: formNamePlaceholder | I8: formEmailLabel | J8: formEmailPlaceholder | K8: formMessageLabel | L8: formMessagePlaceholder | M8: submitIdle | N8: submitSending | O8: submitSuccess | P8: submitError | Q8: rowStatus
A9: Direct Communication | B9: READY TO | C9: BUILD. | D9: For product engineering roles, freelance builds, or systems work, share the context and the outcome you need. We can scope the next step from there. | E9: Primary_Contact | F9: amedina.amg.dev@gmail.com | G9: USER_IDENTITY.src | H9: Enter your name... | I9: RETURN_PATH.void | J9: your@email.com | K9: DATA_PAYLOAD.txt | L9: Describe your project, system, or idea... | M9: EXECUTE_TRANSMISSION | N9: TRANSMITTING... | O9: SUCCESS_CONFIRMED | P9: TRANSMISSION_ERROR | Q9: READY

Sheet ASSETS
A1: Assets
A2: Central asset registry. For existing_public assets, edit sourceValue as the canonical path; targetPublicPath is mainly for import_local copies.
A3: PRIMARY EDIT SURFACE | LAST SYNC 2026-10-25 20:55:30 UTC
A4: Back to HOME | C4: Guide | E4: Prev: Contact | G4: Next: Asset Preview Index | I4: Asset Preview Index | K4: Projects | M4: Testimonials
A5: Primary editing surface. Keep changes inside the table area and use linked ids to move between related records.
A6: Required | C6: Optional | E6: Generated | G6: Linked
A7: Editable data starts below. Use dropdown cells where present, and CTRL+CLICK linked ids to jump between related sheets.
A8: assetId | B8: kind | C8: mode | D8: sourceValue | E8: targetPublicPath | F8: alt | G8: notes | H8: enabled | I8: resolvedUrl | J8: openSource | K8: openResolved | L8: usedBy | M8: previewLink | N8: rowStatus
A9: profile-avatar | B9: image | C9: existing_public | D9: /assets/alberto.webp | E9: /assets/alberto.webp | F9: Alberto Medina Garcia avatar | G9: Main profile avatar | H9: TRUE | I9: =IF($A9="","",IF(UPPER($H9)<>"TRUE","",IF($C9="import_local",IF($E9<>"",$E9,""),IF($C9="external_url",$D9,IF(IF($D9<>"",$D9,$E9)<>"",IF($D9<>"",$D9,$E9),""))))) -> /assets/alberto.webp | J9: =IF($A9="","",IF(UPPER($H9)<>"TRUE","Disabled",HYPERLINK("http://127.0.0.1:5173/__dev/asset-source"&"?assetId="&ENCODEURL($A9)&"&sig="&ENCODEURL($B9&"|"&$C9&"|"&$D9&"|"&$E9&"|"&$H9),"Open source"))) -> Open source | K9: =IF($A9="","",IF(OR(UPPER($H9)<>"TRUE",$I9=""),"Unavailable",HYPERLINK("http://127.0.0.1:5173/__dev/asset-resolved"&"?assetId="&ENCODEURL($A9)&"&sig="&ENCODEURL($B9&"|"&$C9&"|"&$D9&"|"&$E9&"|"&$H9),"Open resolved"))) -> Open resolved | L9: Profile avatar | M9: =IF($A9="","",HYPERLINK("#'ASSET_PREVIEW'!A9","Open preview")) -> Open preview | N9: =IF($A9="","",IF(UPPER($H9)<>"TRUE","DISABLED",IF($C9="external_url",IF(OR(LEFT(LOWER($D9),7)="http://",LEFT(LOWER($D9),8)="https://"),"READY -> "&$I9,"NEEDS HTTP URL"),IF($C9="import_local",IF($D9="","NEEDS SOURCE FILE",IF($E9="","NEEDS TARGET PATH","READY -> "&$I9)),IF($C9="existing_public",IF(IF($D9<>"",$D9,$E9)<>"","READY -> "&$I9,"NEEDS PUBLIC PATH"),"CHECK MODE"))))) -> READY -> /assets/alberto.webp
A10: project-1-video | B10: video | C10: existing_public | D10: /assets/projects/visual-interfaces.mp4 | E10: /assets/projects/visual-interfaces.mp4 | F10: Unity Developer demo video | G10: Unity Developer master video source | H10: TRUE | I10: =IF($A10="","",IF(UPPER($H10)<>"TRUE","",IF($C10="import_local",IF($E10<>"",$E10,""),IF($C10="external_url",$D10,IF(IF($D10<>"",$D10,$E10)<>"",IF($D10<>"",$D10,$E10),""))))) -> /assets/projects/visual-interfaces.mp4 | J10: =IF($A10="","",IF(UPPER($H10)<>"TRUE","Disabled",HYPERLINK("http://127.0.0.1:5173/__dev/asset-source"&"?assetId="&ENCODEURL($A10)&"&sig="&ENCODEURL($B10&"|"&$C10&"|"&$D10&"|"&$E10&"|"&$H10),"Open source"))) -> Open source | K10: =IF($A10="","",IF(OR(UPPER($H10)<>"TRUE",$I10=""),"Unavailable",HYPERLINK("http://127.0.0.1:5173/__dev/asset-resolved"&"?assetId="&ENCODEURL($A10)&"&sig="&ENCODEURL($B10&"|"&$C10&"|"&$D10&"|"&$E10&"|"&$H10),"Open resolved"))) -> Open resolved | L10: Unity Interface Systems video | M10: =IF($A10="","",HYPERLINK("#'ASSET_PREVIEW'!A10","Open preview")) -> Open preview | N10: =IF($A10="","",IF(UPPER($H10)<>"TRUE","DISABLED",IF($C10="external_url",IF(OR(LEFT(LOWER($D10),7)="http://",LEFT(LOWER($D10),8)="https://"),"READY -> "&$I10,"NEEDS HTTP URL"),IF($C10="import_local",IF($D10="","NEEDS SOURCE FILE",IF($E10="","NEEDS TARGET PATH","READY -> "&$I10)),IF($C10="existing_public",IF(IF($D10<>"",$D10,$E10)<>"","READY -> "&$I10,"NEEDS PUBLIC PATH"),"CHECK MODE"))))) -> READY -> /assets/projects/visual-interfaces.mp4
A11: project-1-thumbnail | B11: image | C11: existing_public | D11: /assets/projects/visual-interfaces.png | E11: /assets/projects/visual-interfaces.png | F11: Unity Developer thumbnail | G11: Unity Developer poster image | H11: TRUE | I11: =IF($A11="","",IF(UPPER($H11)<>"TRUE","",IF($C11="import_local",IF($E11<>"",$E11,""),IF($C11="external_url",$D11,IF(IF($D11<>"",$D11,$E11)<>"",IF($D11<>"",$D11,$E11),""))))) -> /assets/projects/visual-interfaces.png | J11: =IF($A11="","",IF(UPPER($H11)<>"TRUE","Disabled",HYPERLINK("http://127.0.0.1:5173/__dev/asset-source"&"?assetId="&ENCODEURL($A11)&"&sig="&ENCODEURL($B11&"|"&$C11&"|"&$D11&"|"&$E11&"|"&$H11),"Open source"))) -> Open source | K11: =IF($A11="","",IF(OR(UPPER($H11)<>"TRUE",$I11=""),"Unavailable",HYPERLINK("http://127.0.0.1:5173/__dev/asset-resolved"&"?assetId="&ENCODEURL($A11)&"&sig="&ENCODEURL($B11&"|"&$C11&"|"&$D11&"|"&$E11&"|"&$H11),"Open resolved"))) -> Open resolved | L11: Unity Interface Systems thumbnail | M11: =IF($A11="","",HYPERLINK("#'ASSET_PREVIEW'!A11","Open preview")) -> Open preview | N11: =IF($A11="","",IF(UPPER($H11)<>"TRUE","DISABLED",IF($C11="external_url",IF(OR(LEFT(LOWER($D11),7)="http://",LEFT(LOWER($D11),8)="https://"),"READY -> "&$I11,"NEEDS HTTP URL"),IF($C11="import_local",IF($D11="","NEEDS SOURCE FILE",IF($E11="","NEEDS TARGET PATH","READY -> "&$I11)),IF($C11="existing_public",IF(IF($D11<>"",$D11,$E11)<>"","READY -> "&$I11,"NEEDS PUBLIC PATH"),"CHECK MODE"))))) -> READY -> /assets/projects/visual-interfaces.png
A12: project-1-icon | B12: icon | C12: existing_public | D12: /assets/projects/unity.webp | E12: /assets/projects/unity.webp | F12: Unity Developer icon | G12: Unity Developer icon asset | H12: TRUE | I12: =IF($A12="","",IF(UPPER($H12)<>"TRUE","",IF($C12="import_local",IF($E12<>"",$E12,""),IF($C12="external_url",$D12,IF(IF($D12<>"",$D12,$E12)<>"",IF($D12<>"",$D12,$E12),""))))) -> /assets/projects/unity.webp | J12: =IF($A12="","",IF(UPPER($H12)<>"TRUE","Disabled",HYPERLINK("http://127.0.0.1:5173/__dev/asset-source"&"?assetId="&ENCODEURL($A12)&"&sig="&ENCODEURL($B12&"|"&$C12&"|"&$D12&"|"&$E12&"|"&$H12),"Open source"))) -> Open source | K12: =IF($A12="","",IF(OR(UPPER($H12)<>"TRUE",$I12=""),"Unavailable",HYPERLINK("http://127.0.0.1:5173/__dev/asset-resolved"&"?assetId="&ENCODEURL($A12)&"&sig="&ENCODEURL($B12&"|"&$C12&"|"&$D12&"|"&$E12&"|"&$H12),"Open resolved"))) -> Open resolved | L12: Unity Interface Systems icon | M12: =IF($A12="","",HYPERLINK("#'ASSET_PREVIEW'!A12","Open preview")) -> Open preview | N12: =IF($A12="","",IF(UPPER($H12)<>"TRUE","DISABLED",IF($C12="external_url",IF(OR(LEFT(LOWER($D12),7)="http://",LEFT(LOWER($D12),8)="https://"),"READY -> "&$I12,"NEEDS HTTP URL"),IF($C12="import_local",IF($D12="","NEEDS SOURCE FILE",IF($E12="","NEEDS TARGET PATH","READY -> "&$I12)),IF($C12="existing_public",IF(IF($D12<>"",$D12,$E12)<>"","READY -> "&$I12,"NEEDS PUBLIC PATH"),"CHECK MODE"))))) -> READY -> /assets/projects/unity.webp
A13: project-2-video | B13: video | C13: existing_public | D13: /assets/projects/zero-touch-ai.mp4 | E13: /assets/projects/zero-touch-ai.mp4 | F13: Smart Inbox Manager demo video | G13: Smart Inbox Manager master video source | H13: TRUE | I13: =IF($A13="","",IF(UPPER($H13)<>"TRUE","",IF($C13="import_local",IF($E13<>"",$E13,""),IF($C13="external_url",$D13,IF(IF($D13<>"",$D13,$E13)<>"",IF($D13<>"",$D13,$E13),""))))) -> /assets/projects/zero-touch-ai.mp4 | J13: =IF($A13="","",IF(UPPER($H13)<>"TRUE","Disabled",HYPERLINK("http://127.0.0.1:5173/__dev/asset-source"&"?assetId="&ENCODEURL($A13)&"&sig="&ENCODEURL($B13&"|"&$C13&"|"&$D13&"|"&$E13&"|"&$H13),"Open source"))) -> Open source | K13: =IF($A13="","",IF(OR(UPPER($H13)<>"TRUE",$I13=""),"Unavailable",HYPERLINK("http://127.0.0.1:5173/__dev/asset-resolved"&"?assetId="&ENCODEURL($A13)&"&sig="&ENCODEURL($B13&"|"&$C13&"|"&$D13&"|"&$E13&"|"&$H13),"Open resolved"))) -> Open resolved | L13: Smart Inbox Manager video | M13: =IF($A13="","",HYPERLINK("#'ASSET_PREVIEW'!A13","Open preview")) -> Open preview | N13: =IF($A13="","",IF(UPPER($H13)<>"TRUE","DISABLED",IF($C13="external_url",IF(OR(LEFT(LOWER($D13),7)="http://",LEFT(LOWER($D13),8)="https://"),"READY -> "&$I13,"NEEDS HTTP URL"),IF($C13="import_local",IF($D13="","NEEDS SOURCE FILE",IF($E13="","NEEDS TARGET PATH","READY -> "&$I13)),IF($C13="existing_public",IF(IF($D13<>"",$D13,$E13)<>"","READY -> "&$I13,"NEEDS PUBLIC PATH"),"CHECK MODE"))))) -> READY -> /assets/projects/zero-touch-ai.mp4
A14: project-2-thumbnail | B14: image | C14: existing_public | D14: /assets/projects/zero-touch-ai.png | E14: /assets/projects/zero-touch-ai.png | F14: Smart Inbox Manager thumbnail | G14: Smart Inbox Manager poster image | H14: TRUE | I14: =IF($A14="","",IF(UPPER($H14)<>"TRUE","",IF($C14="import_local",IF($E14<>"",$E14,""),IF($C14="external_url",$D14,IF(IF($D14<>"",$D14,$E14)<>"",IF($D14<>"",$D14,$E14),""))))) -> /assets/projects/zero-touch-ai.png | J14: =IF($A14="","",IF(UPPER($H14)<>"TRUE","Disabled",HYPERLINK("http://127.0.0.1:5173/__dev/asset-source"&"?assetId="&ENCODEURL($A14)&"&sig="&ENCODEURL($B14&"|"&$C14&"|"&$D14&"|"&$E14&"|"&$H14),"Open source"))) -> Open source | K14: =IF($A14="","",IF(OR(UPPER($H14)<>"TRUE",$I14=""),"Unavailable",HYPERLINK("http://127.0.0.1:5173/__dev/asset-resolved"&"?assetId="&ENCODEURL($A14)&"&sig="&ENCODEURL($B14&"|"&$C14&"|"&$D14&"|"&$E14&"|"&$H14),"Open resolved"))) -> Open resolved | L14: Smart Inbox Manager thumbnail | M14: =IF($A14="","",HYPERLINK("#'ASSET_PREVIEW'!A14","Open preview")) -> Open preview | N14: =IF($A14="","",IF(UPPER($H14)<>"TRUE","DISABLED",IF($C14="external_url",IF(OR(LEFT(LOWER($D14),7)="http://",LEFT(LOWER($D14),8)="https://"),"READY -> "&$I14,"NEEDS HTTP URL"),IF($C14="import_local",IF($D14="","NEEDS SOURCE FILE",IF($E14="","NEEDS TARGET PATH","READY -> "&$I14)),IF($C14="existing_public",IF(IF($D14<>"",$D14,$E14)<>"","READY -> "&$I14,"NEEDS PUBLIC PATH"),"CHECK MODE"))))) -> READY -> /assets/projects/zero-touch-ai.png
A15: project-2-icon | B15: icon | C15: existing_public | D15: /assets/projects/outlook-icon.webp | E15: /assets/projects/outlook-icon.webp | F15: Smart Inbox Manager icon | G15: Smart Inbox Manager icon asset | H15: TRUE | I15: =IF($A15="","",IF(UPPER($H15)<>"TRUE","",IF($C15="import_local",IF($E15<>"",$E15,""),IF($C15="external_url",$D15,IF(IF($D15<>"",$D15,$E15)<>"",IF($D15<>"",$D15,$E15),""))))) -> /assets/projects/outlook-icon.webp | J15: =IF($A15="","",IF(UPPER($H15)<>"TRUE","Disabled",HYPERLINK("http://127.0.0.1:5173/__dev/asset-source"&"?assetId="&ENCODEURL($A15)&"&sig="&ENCODEURL($B15&"|"&$C15&"|"&$D15&"|"&$E15&"|"&$H15),"Open source"))) -> Open source | K15: =IF($A15="","",IF(OR(UPPER($H15)<>"TRUE",$I15=""),"Unavailable",HYPERLINK("http://127.0.0.1:5173/__dev/asset-resolved"&"?assetId="&ENCODEURL($A15)&"&sig="&ENCODEURL($B15&"|"&$C15&"|"&$D15&"|"&$E15&"|"&$H15),"Open resolved"))) -> Open resolved | L15: Smart Inbox Manager icon | M15: =IF($A15="","",HYPERLINK("#'ASSET_PREVIEW'!A15","Open preview")) -> Open preview | N15: =IF($A15="","",IF(UPPER($H15)<>"TRUE","DISABLED",IF($C15="external_url",IF(OR(LEFT(LOWER($D15),7)="http://",LEFT(LOWER($D15),8)="https://"),"READY -> "&$I15,"NEEDS HTTP URL"),IF($C15="import_local",IF($D15="","NEEDS SOURCE FILE",IF($E15="","NEEDS TARGET PATH","READY -> "&$I15)),IF($C15="existing_public",IF(IF($D15<>"",$D15,$E15)<>"","READY -> "&$I15,"NEEDS PUBLIC PATH"),"CHECK MODE"))))) -> READY -> /assets/projects/outlook-icon.webp
A16: project-3-video | B16: video | C16: existing_public | D16: /assets/projects/padel-booking.mp4 | E16: /assets/projects/padel-booking.mp4 | F16: Paddle Booking App demo video | G16: Paddle Booking App master video source | H16: TRUE | I16: =IF($A16="","",IF(UPPER($H16)<>"TRUE","",IF($C16="import_local",IF($E16<>"",$E16,""),IF($C16="external_url",$D16,IF(IF($D16<>"",$D16,$E16)<>"",IF($D16<>"",$D16,$E16),""))))) -> /assets/projects/padel-booking.mp4 | J16: =IF($A16="","",IF(UPPER($H16)<>"TRUE","Disabled",HYPERLINK("http://127.0.0.1:5173/__dev/asset-source"&"?assetId="&ENCODEURL($A16)&"&sig="&ENCODEURL($B16&"|"&$C16&"|"&$D16&"|"&$E16&"|"&$H16),"Open source"))) -> Open source | K16: =IF($A16="","",IF(OR(UPPER($H16)<>"TRUE",$I16=""),"Unavailable",HYPERLINK("http://127.0.0.1:5173/__dev/asset-resolved"&"?assetId="&ENCODEURL($A16)&"&sig="&ENCODEURL($B16&"|"&$C16&"|"&$D16&"|"&$E16&"|"&$H16),"Open resolved"))) -> Open resolved | L16: Padel Booking Platform video | M16: =IF($A16="","",HYPERLINK("#'ASSET_PREVIEW'!A16","Open preview")) -> Open preview | N16: =IF($A16="","",IF(UPPER($H16)<>"TRUE","DISABLED",IF($C16="external_url",IF(OR(LEFT(LOWER($D16),7)="http://",LEFT(LOWER($D16),8)="https://"),"READY -> "&$I16,"NEEDS HTTP URL"),IF($C16="import_local",IF($D16="","NEEDS SOURCE FILE",IF($E16="","NEEDS TARGET PATH","READY -> "&$I16)),IF($C16="existing_public",IF(IF($D16<>"",$D16,$E16)<>"","READY -> "&$I16,"NEEDS PUBLIC PATH"),"CHECK MODE"))))) -> READY -> /assets/projects/padel-booking.mp4
A17: project-3-thumbnail | B17: image | C17: existing_public | D17: /assets/projects/padel-booking.png | E17: /assets/projects/padel-booking.png | F17: Paddle Booking App thumbnail | G17: Paddle Booking App poster image | H17: TRUE | I17: =IF($A17="","",IF(UPPER($H17)<>"TRUE","",IF($C17="import_local",IF($E17<>"",$E17,""),IF($C17="external_url",$D17,IF(IF($D17<>"",$D17,$E17)<>"",IF($D17<>"",$D17,$E17),""))))) -> /assets/projects/padel-booking.png | J17: =IF($A17="","",IF(UPPER($H17)<>"TRUE","Disabled",HYPERLINK("http://127.0.0.1:5173/__dev/asset-source"&"?assetId="&ENCODEURL($A17)&"&sig="&ENCODEURL($B17&"|"&$C17&"|"&$D17&"|"&$E17&"|"&$H17),"Open source"))) -> Open source | K17: =IF($A17="","",IF(OR(UPPER($H17)<>"TRUE",$I17=""),"Unavailable",HYPERLINK("http://127.0.0.1:5173/__dev/asset-resolved"&"?assetId="&ENCODEURL($A17)&"&sig="&ENCODEURL($B17&"|"&$C17&"|"&$D17&"|"&$E17&"|"&$H17),"Open resolved"))) -> Open resolved | L17: Padel Booking Platform thumbnail | M17: =IF($A17="","",HYPERLINK("#'ASSET_PREVIEW'!A17","Open preview")) -> Open preview | N17: =IF($A17="","",IF(UPPER($H17)<>"TRUE","DISABLED",IF($C17="external_url",IF(OR(LEFT(LOWER($D17),7)="http://",LEFT(LOWER($D17),8)="https://"),"READY -> "&$I17,"NEEDS HTTP URL"),IF($C17="import_local",IF($D17="","NEEDS SOURCE FILE",IF($E17="","NEEDS TARGET PATH","READY -> "&$I17)),IF($C17="existing_public",IF(IF($D17<>"",$D17,$E17)<>"","READY -> "&$I17,"NEEDS PUBLIC PATH"),"CHECK MODE"))))) -> READY -> /assets/projects/padel-booking.png
A18: project-3-icon | B18: icon | C18: existing_public | D18: /assets/projects/padel-booking-logo.png | E18: /assets/projects/padel-booking-logo.png | F18: Paddle Booking App icon | G18: Paddle Booking App icon asset | H18: TRUE | I18: =IF($A18="","",IF(UPPER($H18)<>"TRUE","",IF($C18="import_local",IF($E18<>"",$E18,""),IF($C18="external_url",$D18,IF(IF($D18<>"",$D18,$E18)<>"",IF($D18<>"",$D18,$E18),""))))) -> /assets/projects/padel-booking-logo.png | J18: =IF($A18="","",IF(UPPER($H18)<>"TRUE","Disabled",HYPERLINK("http://127.0.0.1:5173/__dev/asset-source"&"?assetId="&ENCODEURL($A18)&"&sig="&ENCODEURL($B18&"|"&$C18&"|"&$D18&"|"&$E18&"|"&$H18),"Open source"))) -> Open source | K18: =IF($A18="","",IF(OR(UPPER($H18)<>"TRUE",$I18=""),"Unavailable",HYPERLINK("http://127.0.0.1:5173/__dev/asset-resolved"&"?assetId="&ENCODEURL($A18)&"&sig="&ENCODEURL($B18&"|"&$C18&"|"&$D18&"|"&$E18&"|"&$H18),"Open resolved"))) -> Open resolved | L18: Padel Booking Platform icon | M18: =IF($A18="","",HYPERLINK("#'ASSET_PREVIEW'!A18","Open preview")) -> Open preview | N18: =IF($A18="","",IF(UPPER($H18)<>"TRUE","DISABLED",IF($C18="external_url",IF(OR(LEFT(LOWER($D18),7)="http://",LEFT(LOWER($D18),8)="https://"),"READY -> "&$I18,"NEEDS HTTP URL"),IF($C18="import_local",IF($D18="","NEEDS SOURCE FILE",IF($E18="","NEEDS TARGET PATH","READY -> "&$I18)),IF($C18="existing_public",IF(IF($D18<>"",$D18,$E18)<>"","READY -> "&$I18,"NEEDS PUBLIC PATH"),"CHECK MODE"))))) -> READY -> /assets/projects/padel-booking-logo.png
A19: project-4-video | B19: video | C19: existing_public | D19: /assets/projects/twitch-live.mp4 | E19: /assets/projects/twitch-live.mp4 | F19: Twitch Live Analytics demo video | G19: Twitch Live Analytics master video source | H19: TRUE | I19: =IF($A19="","",IF(UPPER($H19)<>"TRUE","",IF($C19="import_local",IF($E19<>"",$E19,""),IF($C19="external_url",$D19,IF(IF($D19<>"",$D19,$E19)<>"",IF($D19<>"",$D19,$E19),""))))) -> /assets/projects/twitch-live.mp4 | J19: =IF($A19="","",IF(UPPER($H19)<>"TRUE","Disabled",HYPERLINK("http://127.0.0.1:5173/__dev/asset-source"&"?assetId="&ENCODEURL($A19)&"&sig="&ENCODEURL($B19&"|"&$C19&"|"&$D19&"|"&$E19&"|"&$H19),"Open source"))) -> Open source | K19: =IF($A19="","",IF(OR(UPPER($H19)<>"TRUE",$I19=""),"Unavailable",HYPERLINK("http://127.0.0.1:5173/__dev/asset-resolved"&"?assetId="&ENCODEURL($A19)&"&sig="&ENCODEURL($B19&"|"&$C19&"|"&$D19&"|"&$E19&"|"&$H19),"Open resolved"))) -> Open resolved | L19: Twitch Live Analytics video | M19: =IF($A19="","",HYPERLINK("#'ASSET_PREVIEW'!A19","Open preview")) -> Open preview | N19: =IF($A19="","",IF(UPPER($H19)<>"TRUE","DISABLED",IF($C19="external_url",IF(OR(LEFT(LOWER($D19),7)="http://",LEFT(LOWER($D19),8)="https://"),"READY -> "&$I19,"NEEDS HTTP URL"),IF($C19="import_local",IF($D19="","NEEDS SOURCE FILE",IF($E19="","NEEDS TARGET PATH","READY -> "&$I19)),IF($C19="existing_public",IF(IF($D19<>"",$D19,$E19)<>"","READY -> "&$I19,"NEEDS PUBLIC PATH"),"CHECK MODE"))))) -> READY -> /assets/projects/twitch-live.mp4
A20: project-4-thumbnail | B20: image | C20: existing_public | D20: /assets/projects/twitch-live.png | E20: /assets/projects/twitch-live.png | F20: Twitch Live Analytics thumbnail | G20: Twitch Live Analytics poster image | H20: TRUE | I20: =IF($A20="","",IF(UPPER($H20)<>"TRUE","",IF($C20="import_local",IF($E20<>"",$E20,""),IF($C20="external_url",$D20,IF(IF($D20<>"",$D20,$E20)<>"",IF($D20<>"",$D20,$E20),""))))) -> /assets/projects/twitch-live.png | J20: =IF($A20="","",IF(UPPER($H20)<>"TRUE","Disabled",HYPERLINK("http://127.0.0.1:5173/__dev/asset-source"&"?assetId="&ENCODEURL($A20)&"&sig="&ENCODEURL($B20&"|"&$C20&"|"&$D20&"|"&$E20&"|"&$H20),"Open source"))) -> Open source | K20: =IF($A20="","",IF(OR(UPPER($H20)<>"TRUE",$I20=""),"Unavailable",HYPERLINK("http://127.0.0.1:5173/__dev/asset-resolved"&"?assetId="&ENCODEURL($A20)&"&sig="&ENCODEURL($B20&"|"&$C20&"|"&$D20&"|"&$E20&"|"&$H20),"Open resolved"))) -> Open resolved | L20: Twitch Live Analytics thumbnail | M20: =IF($A20="","",HYPERLINK("#'ASSET_PREVIEW'!A20","Open preview")) -> Open preview | N20: =IF($A20="","",IF(UPPER($H20)<>"TRUE","DISABLED",IF($C20="external_url",IF(OR(LEFT(LOWER($D20),7)="http://",LEFT(LOWER($D20),8)="https://"),"READY -> "&$I20,"NEEDS HTTP URL"),IF($C20="import_local",IF($D20="","NEEDS SOURCE FILE",IF($E20="","NEEDS TARGET PATH","READY -> "&$I20)),IF($C20="existing_public",IF(IF($D20<>"",$D20,$E20)<>"","READY -> "&$I20,"NEEDS PUBLIC PATH"),"CHECK MODE"))))) -> READY -> /assets/projects/twitch-live.png
A21: project-4-icon | B21: icon | C21: existing_public | D21: /assets/projects/twitch-icon.webp | E21: /assets/projects/twitch-icon.webp | F21: Twitch Live Analytics icon | G21: Twitch Live Analytics icon asset | H21: TRUE | I21: =IF($A21="","",IF(UPPER($H21)<>"TRUE","",IF($C21="import_local",IF($E21<>"",$E21,""),IF($C21="external_url",$D21,IF(IF($D21<>"",$D21,$E21)<>"",IF($D21<>"",$D21,$E21),""))))) -> /assets/projects/twitch-icon.webp | J21: =IF($A21="","",IF(UPPER($H21)<>"TRUE","Disabled",HYPERLINK("http://127.0.0.1:5173/__dev/asset-source"&"?assetId="&ENCODEURL($A21)&"&sig="&ENCODEURL($B21&"|"&$C21&"|"&$D21&"|"&$E21&"|"&$H21),"Open source"))) -> Open source | K21: =IF($A21="","",IF(OR(UPPER($H21)<>"TRUE",$I21=""),"Unavailable",HYPERLINK("http://127.0.0.1:5173/__dev/asset-resolved"&"?assetId="&ENCODEURL($A21)&"&sig="&ENCODEURL($B21&"|"&$C21&"|"&$D21&"|"&$E21&"|"&$H21),"Open resolved"))) -> Open resolved | L21: Twitch Live Analytics icon | M21: =IF($A21="","",HYPERLINK("#'ASSET_PREVIEW'!A21","Open preview")) -> Open preview | N21: =IF($A21="","",IF(UPPER($H21)<>"TRUE","DISABLED",IF($C21="external_url",IF(OR(LEFT(LOWER($D21),7)="http://",LEFT(LOWER($D21),8)="https://"),"READY -> "&$I21,"NEEDS HTTP URL"),IF($C21="import_local",IF($D21="","NEEDS SOURCE FILE",IF($E21="","NEEDS TARGET PATH","READY -> "&$I21)),IF($C21="existing_public",IF(IF($D21<>"",$D21,$E21)<>"","READY -> "&$I21,"NEEDS PUBLIC PATH"),"CHECK MODE"))))) -> READY -> /assets/projects/twitch-icon.webp
A22: project-5-video | B22: video | C22: existing_public | D22: /assets/projects/usb-extraction.mp4 | E22: /assets/projects/usb-extraction.mp4 | F22: USB Exfiltration demo video | G22: USB Exfiltration master video source | H22: TRUE | I22: =IF($A22="","",IF(UPPER($H22)<>"TRUE","",IF($C22="import_local",IF($E22<>"",$E22,""),IF($C22="external_url",$D22,IF(IF($D22<>"",$D22,$E22)<>"",IF($D22<>"",$D22,$E22),""))))) -> /assets/projects/usb-extraction.mp4 | J22: =IF($A22="","",IF(UPPER($H22)<>"TRUE","Disabled",HYPERLINK("http://127.0.0.1:5173/__dev/asset-source"&"?assetId="&ENCODEURL($A22)&"&sig="&ENCODEURL($B22&"|"&$C22&"|"&$D22&"|"&$E22&"|"&$H22),"Open source"))) -> Open source | K22: =IF($A22="","",IF(OR(UPPER($H22)<>"TRUE",$I22=""),"Unavailable",HYPERLINK("http://127.0.0.1:5173/__dev/asset-resolved"&"?assetId="&ENCODEURL($A22)&"&sig="&ENCODEURL($B22&"|"&$C22&"|"&$D22&"|"&$E22&"|"&$H22),"Open resolved"))) -> Open resolved | L22: USB Exfiltration Tool video | M22: =IF($A22="","",HYPERLINK("#'ASSET_PREVIEW'!A22","Open preview")) -> Open preview | N22: =IF($A22="","",IF(UPPER($H22)<>"TRUE","DISABLED",IF($C22="external_url",IF(OR(LEFT(LOWER($D22),7)="http://",LEFT(LOWER($D22),8)="https://"),"READY -> "&$I22,"NEEDS HTTP URL"),IF($C22="import_local",IF($D22="","NEEDS SOURCE FILE",IF($E22="","NEEDS TARGET PATH","READY -> "&$I22)),IF($C22="existing_public",IF(IF($D22<>"",$D22,$E22)<>"","READY -> "&$I22,"NEEDS PUBLIC PATH"),"CHECK MODE"))))) -> READY -> /assets/projects/usb-extraction.mp4
A23: project-5-thumbnail | B23: image | C23: existing_public | D23: /assets/projects/usb-extraction.png | E23: /assets/projects/usb-extraction.png | F23: USB Exfiltration thumbnail | G23: USB Exfiltration poster image | H23: TRUE | I23: =IF($A23="","",IF(UPPER($H23)<>"TRUE","",IF($C23="import_local",IF($E23<>"",$E23,""),IF($C23="external_url",$D23,IF(IF($D23<>"",$D23,$E23)<>"",IF($D23<>"",$D23,$E23),""))))) -> /assets/projects/usb-extraction.png | J23: =IF($A23="","",IF(UPPER($H23)<>"TRUE","Disabled",HYPERLINK("http://127.0.0.1:5173/__dev/asset-source"&"?assetId="&ENCODEURL($A23)&"&sig="&ENCODEURL($B23&"|"&$C23&"|"&$D23&"|"&$E23&"|"&$H23),"Open source"))) -> Open source | K23: =IF($A23="","",IF(OR(UPPER($H23)<>"TRUE",$I23=""),"Unavailable",HYPERLINK("http://127.0.0.1:5173/__dev/asset-resolved"&"?assetId="&ENCODEURL($A23)&"&sig="&ENCODEURL($B23&"|"&$C23&"|"&$D23&"|"&$E23&"|"&$H23),"Open resolved"))) -> Open resolved | L23: USB Exfiltration Tool thumbnail | M23: =IF($A23="","",HYPERLINK("#'ASSET_PREVIEW'!A23","Open preview")) -> Open preview | N23: =IF($A23="","",IF(UPPER($H23)<>"TRUE","DISABLED",IF($C23="external_url",IF(OR(LEFT(LOWER($D23),7)="http://",LEFT(LOWER($D23),8)="https://"),"READY -> "&$I23,"NEEDS HTTP URL"),IF($C23="import_local",IF($D23="","NEEDS SOURCE FILE",IF($E23="","NEEDS TARGET PATH","READY -> "&$I23)),IF($C23="existing_public",IF(IF($D23<>"",$D23,$E23)<>"","READY -> "&$I23,"NEEDS PUBLIC PATH"),"CHECK MODE"))))) -> READY -> /assets/projects/usb-extraction.png
A24: project-5-icon | B24: icon | C24: existing_public | D24: /assets/projects/terminal.ico | E24: /assets/projects/terminal.ico | F24: USB Exfiltration icon | G24: USB Exfiltration icon asset | H24: TRUE | I24: =IF($A24="","",IF(UPPER($H24)<>"TRUE","",IF($C24="import_local",IF($E24<>"",$E24,""),IF($C24="external_url",$D24,IF(IF($D24<>"",$D24,$E24)<>"",IF($D24<>"",$D24,$E24),""))))) -> /assets/projects/terminal.ico | J24: =IF($A24="","",IF(UPPER($H24)<>"TRUE","Disabled",HYPERLINK("http://127.0.0.1:5173/__dev/asset-source"&"?assetId="&ENCODEURL($A24)&"&sig="&ENCODEURL($B24&"|"&$C24&"|"&$D24&"|"&$E24&"|"&$H24),"Open source"))) -> Open source | K24: =IF($A24="","",IF(OR(UPPER($H24)<>"TRUE",$I24=""),"Unavailable",HYPERLINK("http://127.0.0.1:5173/__dev/asset-resolved"&"?assetId="&ENCODEURL($A24)&"&sig="&ENCODEURL($B24&"|"&$C24&"|"&$D24&"|"&$E24&"|"&$H24),"Open resolved"))) -> Open resolved | L24: USB Exfiltration Tool icon | M24: =IF($A24="","",HYPERLINK("#'ASSET_PREVIEW'!A24","Open preview")) -> Open preview | N24: =IF($A24="","",IF(UPPER($H24)<>"TRUE","DISABLED",IF($C24="external_url",IF(OR(LEFT(LOWER($D24),7)="http://",LEFT(LOWER($D24),8)="https://"),"READY -> "&$I24,"NEEDS HTTP URL"),IF($C24="import_local",IF($D24="","NEEDS SOURCE FILE",IF($E24="","NEEDS TARGET PATH","READY -> "&$I24)),IF($C24="existing_public",IF(IF($D24<>"",$D24,$E24)<>"","READY -> "&$I24,"NEEDS PUBLIC PATH"),"CHECK MODE"))))) -> READY -> /assets/projects/terminal.ico
A25: testimonial-client3 | B25: image | C25: existing_public | D25: /assets/testimonials/client3.png | E25: /assets/testimonials/client3.png | F25: Anonymized Fiverr client avatar | G25: Avatar used by anonymized Fiverr testimonials | H25: TRUE | I25: =IF($A25="","",IF(UPPER($H25)<>"TRUE","",IF($C25="import_local",IF($E25<>"",$E25,""),IF($C25="external_url",$D25,IF(IF($D25<>"",$D25,$E25)<>"",IF($D25<>"",$D25,$E25),""))))) -> /assets/testimonials/client3.png | J25: =IF($A25="","",IF(UPPER($H25)<>"TRUE","Disabled",HYPERLINK("http://127.0.0.1:5173/__dev/asset-source"&"?assetId="&ENCODEURL($A25)&"&sig="&ENCODEURL($B25&"|"&$C25&"|"&$D25&"|"&$E25&"|"&$H25),"Open source"))) -> Open source | K25: =IF($A25="","",IF(OR(UPPER($H25)<>"TRUE",$I25=""),"Unavailable",HYPERLINK("http://127.0.0.1:5173/__dev/asset-resolved"&"?assetId="&ENCODEURL($A25)&"&sig="&ENCODEURL($B25&"|"&$C25&"|"&$D25&"|"&$E25&"|"&$H25),"Open resolved"))) -> Open resolved | L25: automation-outstanding-work avatar | M25: =IF($A25="","",HYPERLINK("#'ASSET_PREVIEW'!A25","Open preview")) -> Open preview | N25: =IF($A25="","",IF(UPPER($H25)<>"TRUE","DISABLED",IF($C25="external_url",IF(OR(LEFT(LOWER($D25),7)="http://",LEFT(LOWER($D25),8)="https://"),"READY -> "&$I25,"NEEDS HTTP URL"),IF($C25="import_local",IF($D25="","NEEDS SOURCE FILE",IF($E25="","NEEDS TARGET PATH","READY -> "&$I25)),IF($C25="existing_public",IF(IF($D25<>"",$D25,$E25)<>"","READY -> "&$I25,"NEEDS PUBLIC PATH"),"CHECK MODE"))))) -> READY -> /assets/testimonials/client3.png
A26: testimonial-client2 | B26: image | C26: existing_public | D26: /assets/testimonials/client2.png | E26: /assets/testimonials/client2.png | F26: Anonymized Fiverr client avatar | G26: Avatar used by anonymized Fiverr testimonials | H26: TRUE | I26: =IF($A26="","",IF(UPPER($H26)<>"TRUE","",IF($C26="import_local",IF($E26<>"",$E26,""),IF($C26="external_url",$D26,IF(IF($D26<>"",$D26,$E26)<>"",IF($D26<>"",$D26,$E26),""))))) -> /assets/testimonials/client2.png | J26: =IF($A26="","",IF(UPPER($H26)<>"TRUE","Disabled",HYPERLINK("http://127.0.0.1:5173/__dev/asset-source"&"?assetId="&ENCODEURL($A26)&"&sig="&ENCODEURL($B26&"|"&$C26&"|"&$D26&"|"&$E26&"|"&$H26),"Open source"))) -> Open source | K26: =IF($A26="","",IF(OR(UPPER($H26)<>"TRUE",$I26=""),"Unavailable",HYPERLINK("http://127.0.0.1:5173/__dev/asset-resolved"&"?assetId="&ENCODEURL($A26)&"&sig="&ENCODEURL($B26&"|"&$C26&"|"&$D26&"|"&$E26&"|"&$H26),"Open resolved"))) -> Open resolved | L26: unity-great-work avatar | M26: =IF($A26="","",HYPERLINK("#'ASSET_PREVIEW'!A26","Open preview")) -> Open preview | N26: =IF($A26="","",IF(UPPER($H26)<>"TRUE","DISABLED",IF($C26="external_url",IF(OR(LEFT(LOWER($D26),7)="http://",LEFT(LOWER($D26),8)="https://"),"READY -> "&$I26,"NEEDS HTTP URL"),IF($C26="import_local",IF($D26="","NEEDS SOURCE FILE",IF($E26="","NEEDS TARGET PATH","READY -> "&$I26)),IF($C26="existing_public",IF(IF($D26<>"",$D26,$E26)<>"","READY -> "&$I26,"NEEDS PUBLIC PATH"),"CHECK MODE"))))) -> READY -> /assets/testimonials/client2.png
A27: testimonial-client1 | B27: image | C27: existing_public | D27: /assets/testimonials/client1.png | E27: /assets/testimonials/client1.png | F27: Anonymized Fiverr client avatar | G27: Avatar used by anonymized Fiverr testimonials | H27: TRUE | I27: =IF($A27="","",IF(UPPER($H27)<>"TRUE","",IF($C27="import_local",IF($E27<>"",$E27,""),IF($C27="external_url",$D27,IF(IF($D27<>"",$D27,$E27)<>"",IF($D27<>"",$D27,$E27),""))))) -> /assets/testimonials/client1.png | J27: =IF($A27="","",IF(UPPER($H27)<>"TRUE","Disabled",HYPERLINK("http://127.0.0.1:5173/__dev/asset-source"&"?assetId="&ENCODEURL($A27)&"&sig="&ENCODEURL($B27&"|"&$C27&"|"&$D27&"|"&$E27&"|"&$H27),"Open source"))) -> Open source | K27: =IF($A27="","",IF(OR(UPPER($H27)<>"TRUE",$I27=""),"Unavailable",HYPERLINK("http://127.0.0.1:5173/__dev/asset-resolved"&"?assetId="&ENCODEURL($A27)&"&sig="&ENCODEURL($B27&"|"&$C27&"|"&$D27&"|"&$E27&"|"&$H27),"Open resolved"))) -> Open resolved | L27: automation-nice-guy avatar | M27: =IF($A27="","",HYPERLINK("#'ASSET_PREVIEW'!A27","Open preview")) -> Open preview | N27: =IF($A27="","",IF(UPPER($H27)<>"TRUE","DISABLED",IF($C27="external_url",IF(OR(LEFT(LOWER($D27),7)="http://",LEFT(LOWER($D27),8)="https://"),"READY -> "&$I27,"NEEDS HTTP URL"),IF($C27="import_local",IF($D27="","NEEDS SOURCE FILE",IF($E27="","NEEDS TARGET PATH","READY -> "&$I27)),IF($C27="existing_public",IF(IF($D27<>"",$D27,$E27)<>"","READY -> "&$I27,"NEEDS PUBLIC PATH"),"CHECK MODE"))))) -> READY -> /assets/testimonials/client1.png
A28: testimonial-client4 | B28: image | C28: existing_public | D28: /assets/testimonials/client4.png | E28: /assets/testimonials/client4.png | F28: Anonymized Fiverr client avatar | G28: Avatar used by anonymized Fiverr testimonials | H28: TRUE | I28: =IF($A28="","",IF(UPPER($H28)<>"TRUE","",IF($C28="import_local",IF($E28<>"",$E28,""),IF($C28="external_url",$D28,IF(IF($D28<>"",$D28,$E28)<>"",IF($D28<>"",$D28,$E28),""))))) -> /assets/testimonials/client4.png | J28: =IF($A28="","",IF(UPPER($H28)<>"TRUE","Disabled",HYPERLINK("http://127.0.0.1:5173/__dev/asset-source"&"?assetId="&ENCODEURL($A28)&"&sig="&ENCODEURL($B28&"|"&$C28&"|"&$D28&"|"&$E28&"|"&$H28),"Open source"))) -> Open source | K28: =IF($A28="","",IF(OR(UPPER($H28)<>"TRUE",$I28=""),"Unavailable",HYPERLINK("http://127.0.0.1:5173/__dev/asset-resolved"&"?assetId="&ENCODEURL($A28)&"&sig="&ENCODEURL($B28&"|"&$C28&"|"&$D28&"|"&$E28&"|"&$H28),"Open resolved"))) -> Open resolved | L28: automation-wonderful-details avatar | M28: =IF($A28="","",HYPERLINK("#'ASSET_PREVIEW'!A28","Open preview")) -> Open preview | N28: =IF($A28="","",IF(UPPER($H28)<>"TRUE","DISABLED",IF($C28="external_url",IF(OR(LEFT(LOWER($D28),7)="http://",LEFT(LOWER($D28),8)="https://"),"READY -> "&$I28,"NEEDS HTTP URL"),IF($C28="import_local",IF($D28="","NEEDS SOURCE FILE",IF($E28="","NEEDS TARGET PATH","READY -> "&$I28)),IF($C28="existing_public",IF(IF($D28<>"",$D28,$E28)<>"","READY -> "&$I28,"NEEDS PUBLIC PATH"),"CHECK MODE"))))) -> READY -> /assets/testimonials/client4.png
A29: testimonial-client5 | B29: image | C29: existing_public | D29: /assets/testimonials/client5.jpg | E29: /assets/testimonials/client5.jpg | F29: Anonymized Fiverr client avatar | G29: Synthetic avatar used by anonymized Fiverr testimonials | H29: TRUE | I29: =IF($A29="","",IF(UPPER($H29)<>"TRUE","",IF($C29="import_local",IF($E29<>"",$E29,""),IF($C29="external_url",$D29,IF(IF($D29<>"",$D29,$E29)<>"",IF($D29<>"",$D29,$E29),""))))) -> /assets/testimonials/client5.jpg | J29: =IF($A29="","",IF(UPPER($H29)<>"TRUE","Disabled",HYPERLINK("http://127.0.0.1:5173/__dev/asset-source"&"?assetId="&ENCODEURL($A29)&"&sig="&ENCODEURL($B29&"|"&$C29&"|"&$D29&"|"&$E29&"|"&$H29),"Open source"))) -> Open source | K29: =IF($A29="","",IF(OR(UPPER($H29)<>"TRUE",$I29=""),"Unavailable",HYPERLINK("http://127.0.0.1:5173/__dev/asset-resolved"&"?assetId="&ENCODEURL($A29)&"&sig="&ENCODEURL($B29&"|"&$C29&"|"&$D29&"|"&$E29&"|"&$H29),"Open resolved"))) -> Open resolved | L29: automation-seo-detail avatar | M29: =IF($A29="","",HYPERLINK("#'ASSET_PREVIEW'!A29","Open preview")) -> Open preview | N29: =IF($A29="","",IF(UPPER($H29)<>"TRUE","DISABLED",IF($C29="external_url",IF(OR(LEFT(LOWER($D29),7)="http://",LEFT(LOWER($D29),8)="https://"),"READY -> "&$I29,"NEEDS HTTP URL"),IF($C29="import_local",IF($D29="","NEEDS SOURCE FILE",IF($E29="","NEEDS TARGET PATH","READY -> "&$I29)),IF($C29="existing_public",IF(IF($D29<>"",$D29,$E29)<>"","READY -> "&$I29,"NEEDS PUBLIC PATH"),"CHECK MODE"))))) -> READY -> /assets/testimonials/client5.jpg
A30: testimonial-client6 | B30: image | C30: existing_public | D30: /assets/testimonials/client6.jpg | E30: /assets/testimonials/client6.jpg | F30: Anonymized Fiverr client avatar | G30: Synthetic avatar used by anonymized Fiverr testimonials | H30: TRUE | I30: =IF($A30="","",IF(UPPER($H30)<>"TRUE","",IF($C30="import_local",IF($E30<>"",$E30,""),IF($C30="external_url",$D30,IF(IF($D30<>"",$D30,$E30)<>"",IF($D30<>"",$D30,$E30),""))))) -> /assets/testimonials/client6.jpg | J30: =IF($A30="","",IF(UPPER($H30)<>"TRUE","Disabled",HYPERLINK("http://127.0.0.1:5173/__dev/asset-source"&"?assetId="&ENCODEURL($A30)&"&sig="&ENCODEURL($B30&"|"&$C30&"|"&$D30&"|"&$E30&"|"&$H30),"Open source"))) -> Open source | K30: =IF($A30="","",IF(OR(UPPER($H30)<>"TRUE",$I30=""),"Unavailable",HYPERLINK("http://127.0.0.1:5173/__dev/asset-resolved"&"?assetId="&ENCODEURL($A30)&"&sig="&ENCODEURL($B30&"|"&$C30&"|"&$D30&"|"&$E30&"|"&$H30),"Open resolved"))) -> Open resolved | L30: automation-fast-turnaround avatar | M30: =IF($A30="","",HYPERLINK("#'ASSET_PREVIEW'!A30","Open preview")) -> Open preview | N30: =IF($A30="","",IF(UPPER($H30)<>"TRUE","DISABLED",IF($C30="external_url",IF(OR(LEFT(LOWER($D30),7)="http://",LEFT(LOWER($D30),8)="https://"),"READY -> "&$I30,"NEEDS HTTP URL"),IF($C30="import_local",IF($D30="","NEEDS SOURCE FILE",IF($E30="","NEEDS TARGET PATH","READY -> "&$I30)),IF($C30="existing_public",IF(IF($D30<>"",$D30,$E30)<>"","READY -> "&$I30,"NEEDS PUBLIC PATH"),"CHECK MODE"))))) -> READY -> /assets/testimonials/client6.jpg
A31: testimonial-client7 | B31: image | C31: existing_public | D31: /assets/testimonials/client7.jpg | E31: /assets/testimonials/client7.jpg | F31: Anonymized Fiverr client avatar | G31: Synthetic avatar used by anonymized Fiverr testimonials | H31: TRUE | I31: =IF($A31="","",IF(UPPER($H31)<>"TRUE","",IF($C31="import_local",IF($E31<>"",$E31,""),IF($C31="external_url",$D31,IF(IF($D31<>"",$D31,$E31)<>"",IF($D31<>"",$D31,$E31),""))))) -> /assets/testimonials/client7.jpg | J31: =IF($A31="","",IF(UPPER($H31)<>"TRUE","Disabled",HYPERLINK("http://127.0.0.1:5173/__dev/asset-source"&"?assetId="&ENCODEURL($A31)&"&sig="&ENCODEURL($B31&"|"&$C31&"|"&$D31&"|"&$E31&"|"&$H31),"Open source"))) -> Open source | K31: =IF($A31="","",IF(OR(UPPER($H31)<>"TRUE",$I31=""),"Unavailable",HYPERLINK("http://127.0.0.1:5173/__dev/asset-resolved"&"?assetId="&ENCODEURL($A31)&"&sig="&ENCODEURL($B31&"|"&$C31&"|"&$D31&"|"&$E31&"|"&$H31),"Open resolved"))) -> Open resolved | L31: automation-vigor avatar | M31: =IF($A31="","",HYPERLINK("#'ASSET_PREVIEW'!A31","Open preview")) -> Open preview | N31: =IF($A31="","",IF(UPPER($H31)<>"TRUE","DISABLED",IF($C31="external_url",IF(OR(LEFT(LOWER($D31),7)="http://",LEFT(LOWER($D31),8)="https://"),"READY -> "&$I31,"NEEDS HTTP URL"),IF($C31="import_local",IF($D31="","NEEDS SOURCE FILE",IF($E31="","NEEDS TARGET PATH","READY -> "&$I31)),IF($C31="existing_public",IF(IF($D31<>"",$D31,$E31)<>"","READY -> "&$I31,"NEEDS PUBLIC PATH"),"CHECK MODE"))))) -> READY -> /assets/testimonials/client7.jpg
A32: testimonial-client8 | B32: image | C32: existing_public | D32: /assets/testimonials/client8.jpg | E32: /assets/testimonials/client8.jpg | F32: Anonymized Fiverr client avatar | G32: Synthetic avatar used by anonymized Fiverr testimonials | H32: TRUE | I32: =IF($A32="","",IF(UPPER($H32)<>"TRUE","",IF($C32="import_local",IF($E32<>"",$E32,""),IF($C32="external_url",$D32,IF(IF($D32<>"",$D32,$E32)<>"",IF($D32<>"",$D32,$E32),""))))) -> /assets/testimonials/client8.jpg | J32: =IF($A32="","",IF(UPPER($H32)<>"TRUE","Disabled",HYPERLINK("http://127.0.0.1:5173/__dev/asset-source"&"?assetId="&ENCODEURL($A32)&"&sig="&ENCODEURL($B32&"|"&$C32&"|"&$D32&"|"&$E32&"|"&$H32),"Open source"))) -> Open source | K32: =IF($A32="","",IF(OR(UPPER($H32)<>"TRUE",$I32=""),"Unavailable",HYPERLINK("http://127.0.0.1:5173/__dev/asset-resolved"&"?assetId="&ENCODEURL($A32)&"&sig="&ENCODEURL($B32&"|"&$C32&"|"&$D32&"|"&$E32&"|"&$H32),"Open resolved"))) -> Open resolved | L32: 2 refs | unity-progress-communication avatar | M32: =IF($A32="","",HYPERLINK("#'ASSET_PREVIEW'!A32","Open preview")) -> Open preview | N32: =IF($A32="","",IF(UPPER($H32)<>"TRUE","DISABLED",IF($C32="external_url",IF(OR(LEFT(LOWER($D32),7)="http://",LEFT(LOWER($D32),8)="https://"),"READY -> "&$I32,"NEEDS HTTP URL"),IF($C32="import_local",IF($D32="","NEEDS SOURCE FILE",IF($E32="","NEEDS TARGET PATH","READY -> "&$I32)),IF($C32="existing_public",IF(IF($D32<>"",$D32,$E32)<>"","READY -> "&$I32,"NEEDS PUBLIC PATH"),"CHECK MODE"))))) -> READY -> /assets/testimonials/client8.jpg
A33: testimonial-client9 | B33: image | C33: existing_public | D33: /assets/testimonials/client9.jpg | E33: /assets/testimonials/client9.jpg | F33: Anonymized Fiverr client avatar | G33: Synthetic avatar used by anonymized Fiverr testimonials | H33: TRUE | I33: =IF($A33="","",IF(UPPER($H33)<>"TRUE","",IF($C33="import_local",IF($E33<>"",$E33,""),IF($C33="external_url",$D33,IF(IF($D33<>"",$D33,$E33)<>"",IF($D33<>"",$D33,$E33),""))))) -> /assets/testimonials/client9.jpg | J33: =IF($A33="","",IF(UPPER($H33)<>"TRUE","Disabled",HYPERLINK("http://127.0.0.1:5173/__dev/asset-source"&"?assetId="&ENCODEURL($A33)&"&sig="&ENCODEURL($B33&"|"&$C33&"|"&$D33&"|"&$E33&"|"&$H33),"Open source"))) -> Open source | K33: =IF($A33="","",IF(OR(UPPER($H33)<>"TRUE",$I33=""),"Unavailable",HYPERLINK("http://127.0.0.1:5173/__dev/asset-resolved"&"?assetId="&ENCODEURL($A33)&"&sig="&ENCODEURL($B33&"|"&$C33&"|"&$D33&"|"&$E33&"|"&$H33),"Open resolved"))) -> Open resolved | L33: No references | M33: =IF($A33="","",HYPERLINK("#'ASSET_PREVIEW'!A33","Open preview")) -> Open preview | N33: =IF($A33="","",IF(UPPER($H33)<>"TRUE","DISABLED",IF($C33="external_url",IF(OR(LEFT(LOWER($D33),7)="http://",LEFT(LOWER($D33),8)="https://"),"READY -> "&$I33,"NEEDS HTTP URL"),IF($C33="import_local",IF($D33="","NEEDS SOURCE FILE",IF($E33="","NEEDS TARGET PATH","READY -> "&$I33)),IF($C33="existing_public",IF(IF($D33<>"",$D33,$E33)<>"","READY -> "&$I33,"NEEDS PUBLIC PATH"),"CHECK MODE"))))) -> READY -> /assets/testimonials/client9.jpg
A34: testimonial-client10 | B34: image | C34: existing_public | D34: /assets/testimonials/client10.jpg | E34: /assets/testimonials/client10.jpg | F34: Anonymized Fiverr client avatar | G34: Synthetic avatar used by anonymized Fiverr testimonials | H34: TRUE | I34: =IF($A34="","",IF(UPPER($H34)<>"TRUE","",IF($C34="import_local",IF($E34<>"",$E34,""),IF($C34="external_url",$D34,IF(IF($D34<>"",$D34,$E34)<>"",IF($D34<>"",$D34,$E34),""))))) -> /assets/testimonials/client10.jpg | J34: =IF($A34="","",IF(UPPER($H34)<>"TRUE","Disabled",HYPERLINK("http://127.0.0.1:5173/__dev/asset-source"&"?assetId="&ENCODEURL($A34)&"&sig="&ENCODEURL($B34&"|"&$C34&"|"&$D34&"|"&$E34&"|"&$H34),"Open source"))) -> Open source | K34: =IF($A34="","",IF(OR(UPPER($H34)<>"TRUE",$I34=""),"Unavailable",HYPERLINK("http://127.0.0.1:5173/__dev/asset-resolved"&"?assetId="&ENCODEURL($A34)&"&sig="&ENCODEURL($B34&"|"&$C34&"|"&$D34&"|"&$E34&"|"&$H34),"Open resolved"))) -> Open resolved | L34: No references | M34: =IF($A34="","",HYPERLINK("#'ASSET_PREVIEW'!A34","Open preview")) -> Open preview | N34: =IF($A34="","",IF(UPPER($H34)<>"TRUE","DISABLED",IF($C34="external_url",IF(OR(LEFT(LOWER($D34),7)="http://",LEFT(LOWER($D34),8)="https://"),"READY -> "&$I34,"NEEDS HTTP URL"),IF($C34="import_local",IF($D34="","NEEDS SOURCE FILE",IF($E34="","NEEDS TARGET PATH","READY -> "&$I34)),IF($C34="existing_public",IF(IF($D34<>"",$D34,$E34)<>"","READY -> "&$I34,"NEEDS PUBLIC PATH"),"CHECK MODE"))))) -> READY -> /assets/testimonials/client10.jpg
A35: testimonial-client11 | B35: image | C35: existing_public | D35: /assets/testimonials/client11.jpg | E35: /assets/testimonials/client11.jpg | F35: Anonymized Fiverr client avatar | G35: Synthetic avatar used by anonymized Fiverr testimonials | H35: TRUE | I35: =IF($A35="","",IF(UPPER($H35)<>"TRUE","",IF($C35="import_local",IF($E35<>"",$E35,""),IF($C35="external_url",$D35,IF(IF($D35<>"",$D35,$E35)<>"",IF($D35<>"",$D35,$E35),""))))) -> /assets/testimonials/client11.jpg | J35: =IF($A35="","",IF(UPPER($H35)<>"TRUE","Disabled",HYPERLINK("http://127.0.0.1:5173/__dev/asset-source"&"?assetId="&ENCODEURL($A35)&"&sig="&ENCODEURL($B35&"|"&$C35&"|"&$D35&"|"&$E35&"|"&$H35),"Open source"))) -> Open source | K35: =IF($A35="","",IF(OR(UPPER($H35)<>"TRUE",$I35=""),"Unavailable",HYPERLINK("http://127.0.0.1:5173/__dev/asset-resolved"&"?assetId="&ENCODEURL($A35)&"&sig="&ENCODEURL($B35&"|"&$C35&"|"&$D35&"|"&$E35&"|"&$H35),"Open resolved"))) -> Open resolved | L35: automation-highly-recommend avatar | M35: =IF($A35="","",HYPERLINK("#'ASSET_PREVIEW'!A35","Open preview")) -> Open preview | N35: =IF($A35="","",IF(UPPER($H35)<>"TRUE","DISABLED",IF($C35="external_url",IF(OR(LEFT(LOWER($D35),7)="http://",LEFT(LOWER($D35),8)="https://"),"READY -> "&$I35,"NEEDS HTTP URL"),IF($C35="import_local",IF($D35="","NEEDS SOURCE FILE",IF($E35="","NEEDS TARGET PATH","READY -> "&$I35)),IF($C35="existing_public",IF(IF($D35<>"",$D35,$E35)<>"","READY -> "&$I35,"NEEDS PUBLIC PATH"),"CHECK MODE"))))) -> READY -> /assets/testimonials/client11.jpg
A36: testimonial-pack-leaf | B36: image | C36: existing_public | D36: /assets/testimonials/pack-leaf.svg | E36: /assets/testimonials/pack-leaf.svg | F36: Anonymized Fiverr client icon avatar | G36: Provided icon avatar used by anonymized Fiverr testimonials | H36: TRUE | I36: =IF($A36="","",IF(UPPER($H36)<>"TRUE","",IF($C36="import_local",IF($E36<>"",$E36,""),IF($C36="external_url",$D36,IF(IF($D36<>"",$D36,$E36)<>"",IF($D36<>"",$D36,$E36),""))))) -> /assets/testimonials/pack-leaf.svg | J36: =IF($A36="","",IF(UPPER($H36)<>"TRUE","Disabled",HYPERLINK("http://127.0.0.1:5173/__dev/asset-source"&"?assetId="&ENCODEURL($A36)&"&sig="&ENCODEURL($B36&"|"&$C36&"|"&$D36&"|"&$E36&"|"&$H36),"Open source"))) -> Open source | K36: =IF($A36="","",IF(OR(UPPER($H36)<>"TRUE",$I36=""),"Unavailable",HYPERLINK("http://127.0.0.1:5173/__dev/asset-resolved"&"?assetId="&ENCODEURL($A36)&"&sig="&ENCODEURL($B36&"|"&$C36&"|"&$D36&"|"&$E36&"|"&$H36),"Open resolved"))) -> Open resolved | L36: automation-exceeded-expectations avatar | M36: =IF($A36="","",HYPERLINK("#'ASSET_PREVIEW'!A36","Open preview")) -> Open preview | N36: =IF($A36="","",IF(UPPER($H36)<>"TRUE","DISABLED",IF($C36="external_url",IF(OR(LEFT(LOWER($D36),7)="http://",LEFT(LOWER($D36),8)="https://"),"READY -> "&$I36,"NEEDS HTTP URL"),IF($C36="import_local",IF($D36="","NEEDS SOURCE FILE",IF($E36="","NEEDS TARGET PATH","READY -> "&$I36)),IF($C36="existing_public",IF(IF($D36<>"",$D36,$E36)<>"","READY -> "&$I36,"NEEDS PUBLIC PATH"),"CHECK MODE"))))) -> READY -> /assets/testimonials/pack-leaf.svg
A37: testimonial-pack-av | B37: image | C37: existing_public | D37: /assets/testimonials/pack-av.svg | E37: /assets/testimonials/pack-av.svg | F37: Anonymized Fiverr client icon avatar | G37: Provided icon avatar used by anonymized Fiverr testimonials | H37: TRUE | I37: =IF($A37="","",IF(UPPER($H37)<>"TRUE","",IF($C37="import_local",IF($E37<>"",$E37,""),IF($C37="external_url",$D37,IF(IF($D37<>"",$D37,$E37)<>"",IF($D37<>"",$D37,$E37),""))))) -> /assets/testimonials/pack-av.svg | J37: =IF($A37="","",IF(UPPER($H37)<>"TRUE","Disabled",HYPERLINK("http://127.0.0.1:5173/__dev/asset-source"&"?assetId="&ENCODEURL($A37)&"&sig="&ENCODEURL($B37&"|"&$C37&"|"&$D37&"|"&$E37&"|"&$H37),"Open source"))) -> Open source | K37: =IF($A37="","",IF(OR(UPPER($H37)<>"TRUE",$I37=""),"Unavailable",HYPERLINK("http://127.0.0.1:5173/__dev/asset-resolved"&"?assetId="&ENCODEURL($A37)&"&sig="&ENCODEURL($B37&"|"&$C37&"|"&$D37&"|"&$E37&"|"&$H37),"Open resolved"))) -> Open resolved | L37: automation-fiverr-credit avatar | M37: =IF($A37="","",HYPERLINK("#'ASSET_PREVIEW'!A37","Open preview")) -> Open preview | N37: =IF($A37="","",IF(UPPER($H37)<>"TRUE","DISABLED",IF($C37="external_url",IF(OR(LEFT(LOWER($D37),7)="http://",LEFT(LOWER($D37),8)="https://"),"READY -> "&$I37,"NEEDS HTTP URL"),IF($C37="import_local",IF($D37="","NEEDS SOURCE FILE",IF($E37="","NEEDS TARGET PATH","READY -> "&$I37)),IF($C37="existing_public",IF(IF($D37<>"",$D37,$E37)<>"","READY -> "&$I37,"NEEDS PUBLIC PATH"),"CHECK MODE"))))) -> READY -> /assets/testimonials/pack-av.svg
A38: testimonial-pack-signature | B38: image | C38: existing_public | D38: /assets/testimonials/pack-signature-v2.svg | E38: /assets/testimonials/pack-signature-v2.svg | F38: Anonymized Fiverr client icon avatar | G38: Provided icon avatar used by anonymized Fiverr testimonials | H38: TRUE | I38: =IF($A38="","",IF(UPPER($H38)<>"TRUE","",IF($C38="import_local",IF($E38<>"",$E38,""),IF($C38="external_url",$D38,IF(IF($D38<>"",$D38,$E38)<>"",IF($D38<>"",$D38,$E38),""))))) -> /assets/testimonials/pack-signature-v2.svg | J38: =IF($A38="","",IF(UPPER($H38)<>"TRUE","Disabled",HYPERLINK("http://127.0.0.1:5173/__dev/asset-source"&"?assetId="&ENCODEURL($A38)&"&sig="&ENCODEURL($B38&"|"&$C38&"|"&$D38&"|"&$E38&"|"&$H38),"Open source"))) -> Open source | K38: =IF($A38="","",IF(OR(UPPER($H38)<>"TRUE",$I38=""),"Unavailable",HYPERLINK("http://127.0.0.1:5173/__dev/asset-resolved"&"?assetId="&ENCODEURL($A38)&"&sig="&ENCODEURL($B38&"|"&$C38&"|"&$D38&"|"&$E38&"|"&$H38),"Open resolved"))) -> Open resolved | L38: automation-communication-timelines avatar | M38: =IF($A38="","",HYPERLINK("#'ASSET_PREVIEW'!A38","Open preview")) -> Open preview | N38: =IF($A38="","",IF(UPPER($H38)<>"TRUE","DISABLED",IF($C38="external_url",IF(OR(LEFT(LOWER($D38),7)="http://",LEFT(LOWER($D38),8)="https://"),"READY -> "&$I38,"NEEDS HTTP URL"),IF($C38="import_local",IF($D38="","NEEDS SOURCE FILE",IF($E38="","NEEDS TARGET PATH","READY -> "&$I38)),IF($C38="existing_public",IF(IF($D38<>"",$D38,$E38)<>"","READY -> "&$I38,"NEEDS PUBLIC PATH"),"CHECK MODE"))))) -> READY -> /assets/testimonials/pack-signature-v2.svg
A39: testimonial-client12 | B39: image | C39: existing_public | D39: /assets/testimonials/client12.jpg | E39: /assets/testimonials/client12.jpg | F39: Anonymized Fiverr client avatar | G39: Generated profile avatar used by anonymized Fiverr testimonials | H39: TRUE | I39: =IF($A39="","",IF(UPPER($H39)<>"TRUE","",IF($C39="import_local",IF($E39<>"",$E39,""),IF($C39="external_url",$D39,IF(IF($D39<>"",$D39,$E39)<>"",IF($D39<>"",$D39,$E39),""))))) -> /assets/testimonials/client12.jpg | J39: =IF($A39="","",IF(UPPER($H39)<>"TRUE","Disabled",HYPERLINK("http://127.0.0.1:5173/__dev/asset-source"&"?assetId="&ENCODEURL($A39)&"&sig="&ENCODEURL($B39&"|"&$C39&"|"&$D39&"|"&$E39&"|"&$H39),"Open source"))) -> Open source | K39: =IF($A39="","",IF(OR(UPPER($H39)<>"TRUE",$I39=""),"Unavailable",HYPERLINK("http://127.0.0.1:5173/__dev/asset-resolved"&"?assetId="&ENCODEURL($A39)&"&sig="&ENCODEURL($B39&"|"&$C39&"|"&$D39&"|"&$E39&"|"&$H39),"Open resolved"))) -> Open resolved | L39: unity-complex-ownership avatar | M39: =IF($A39="","",HYPERLINK("#'ASSET_PREVIEW'!A39","Open preview")) -> Open preview | N39: =IF($A39="","",IF(UPPER($H39)<>"TRUE","DISABLED",IF($C39="external_url",IF(OR(LEFT(LOWER($D39),7)="http://",LEFT(LOWER($D39),8)="https://"),"READY -> "&$I39,"NEEDS HTTP URL"),IF($C39="import_local",IF($D39="","NEEDS SOURCE FILE",IF($E39="","NEEDS TARGET PATH","READY -> "&$I39)),IF($C39="existing_public",IF(IF($D39<>"",$D39,$E39)<>"","READY -> "&$I39,"NEEDS PUBLIC PATH"),"CHECK MODE"))))) -> READY -> /assets/testimonials/client12.jpg
A40: testimonial-client13 | B40: image | C40: existing_public | D40: /assets/testimonials/client13.jpg | E40: /assets/testimonials/client13.jpg | F40: Anonymized Fiverr client avatar | G40: Generated profile avatar used by anonymized Fiverr testimonials | H40: TRUE | I40: =IF($A40="","",IF(UPPER($H40)<>"TRUE","",IF($C40="import_local",IF($E40<>"",$E40,""),IF($C40="external_url",$D40,IF(IF($D40<>"",$D40,$E40)<>"",IF($D40<>"",$D40,$E40),""))))) -> /assets/testimonials/client13.jpg | J40: =IF($A40="","",IF(UPPER($H40)<>"TRUE","Disabled",HYPERLINK("http://127.0.0.1:5173/__dev/asset-source"&"?assetId="&ENCODEURL($A40)&"&sig="&ENCODEURL($B40&"|"&$C40&"|"&$D40&"|"&$E40&"|"&$H40),"Open source"))) -> Open source | K40: =IF($A40="","",IF(OR(UPPER($H40)<>"TRUE",$I40=""),"Unavailable",HYPERLINK("http://127.0.0.1:5173/__dev/asset-resolved"&"?assetId="&ENCODEURL($A40)&"&sig="&ENCODEURL($B40&"|"&$C40&"|"&$D40&"|"&$E40&"|"&$H40),"Open resolved"))) -> Open resolved | L40: unity-fast-delivery avatar | M40: =IF($A40="","",HYPERLINK("#'ASSET_PREVIEW'!A40","Open preview")) -> Open preview | N40: =IF($A40="","",IF(UPPER($H40)<>"TRUE","DISABLED",IF($C40="external_url",IF(OR(LEFT(LOWER($D40),7)="http://",LEFT(LOWER($D40),8)="https://"),"READY -> "&$I40,"NEEDS HTTP URL"),IF($C40="import_local",IF($D40="","NEEDS SOURCE FILE",IF($E40="","NEEDS TARGET PATH","READY -> "&$I40)),IF($C40="existing_public",IF(IF($D40<>"",$D40,$E40)<>"","READY -> "&$I40,"NEEDS PUBLIC PATH"),"CHECK MODE"))))) -> READY -> /assets/testimonials/client13.jpg
A41: testimonial-client14 | B41: image | C41: existing_public | D41: /assets/testimonials/client14.jpg | E41: /assets/testimonials/client14.jpg | F41: Anonymized Fiverr client avatar | G41: Generated profile avatar used by anonymized Fiverr testimonials | H41: TRUE | I41: =IF($A41="","",IF(UPPER($H41)<>"TRUE","",IF($C41="import_local",IF($E41<>"",$E41,""),IF($C41="external_url",$D41,IF(IF($D41<>"",$D41,$E41)<>"",IF($D41<>"",$D41,$E41),""))))) -> /assets/testimonials/client14.jpg | J41: =IF($A41="","",IF(UPPER($H41)<>"TRUE","Disabled",HYPERLINK("http://127.0.0.1:5173/__dev/asset-source"&"?assetId="&ENCODEURL($A41)&"&sig="&ENCODEURL($B41&"|"&$C41&"|"&$D41&"|"&$E41&"|"&$H41),"Open source"))) -> Open source | K41: =IF($A41="","",IF(OR(UPPER($H41)<>"TRUE",$I41=""),"Unavailable",HYPERLINK("http://127.0.0.1:5173/__dev/asset-resolved"&"?assetId="&ENCODEURL($A41)&"&sig="&ENCODEURL($B41&"|"&$C41&"|"&$D41&"|"&$E41&"|"&$H41),"Open resolved"))) -> Open resolved | L41: unity-communication avatar | M41: =IF($A41="","",HYPERLINK("#'ASSET_PREVIEW'!A41","Open preview")) -> Open preview | N41: =IF($A41="","",IF(UPPER($H41)<>"TRUE","DISABLED",IF($C41="external_url",IF(OR(LEFT(LOWER($D41),7)="http://",LEFT(LOWER($D41),8)="https://"),"READY -> "&$I41,"NEEDS HTTP URL"),IF($C41="import_local",IF($D41="","NEEDS SOURCE FILE",IF($E41="","NEEDS TARGET PATH","READY -> "&$I41)),IF($C41="existing_public",IF(IF($D41<>"",$D41,$E41)<>"","READY -> "&$I41,"NEEDS PUBLIC PATH"),"CHECK MODE"))))) -> READY -> /assets/testimonials/client14.jpg
A42: testimonial-client15 | B42: image | C42: existing_public | D42: /assets/testimonials/client15.jpg | E42: /assets/testimonials/client15.jpg | F42: Anonymized Fiverr client avatar | G42: Generated profile avatar used by anonymized Fiverr testimonials | H42: TRUE | I42: =IF($A42="","",IF(UPPER($H42)<>"TRUE","",IF($C42="import_local",IF($E42<>"",$E42,""),IF($C42="external_url",$D42,IF(IF($D42<>"",$D42,$E42)<>"",IF($D42<>"",$D42,$E42),""))))) -> /assets/testimonials/client15.jpg | J42: =IF($A42="","",IF(UPPER($H42)<>"TRUE","Disabled",HYPERLINK("http://127.0.0.1:5173/__dev/asset-source"&"?assetId="&ENCODEURL($A42)&"&sig="&ENCODEURL($B42&"|"&$C42&"|"&$D42&"|"&$E42&"|"&$H42),"Open source"))) -> Open source | K42: =IF($A42="","",IF(OR(UPPER($H42)<>"TRUE",$I42=""),"Unavailable",HYPERLINK("http://127.0.0.1:5173/__dev/asset-resolved"&"?assetId="&ENCODEURL($A42)&"&sig="&ENCODEURL($B42&"|"&$C42&"|"&$D42&"|"&$E42&"|"&$H42),"Open resolved"))) -> Open resolved | L42: unity-repeat-client avatar | M42: =IF($A42="","",HYPERLINK("#'ASSET_PREVIEW'!A42","Open preview")) -> Open preview | N42: =IF($A42="","",IF(UPPER($H42)<>"TRUE","DISABLED",IF($C42="external_url",IF(OR(LEFT(LOWER($D42),7)="http://",LEFT(LOWER($D42),8)="https://"),"READY -> "&$I42,"NEEDS HTTP URL"),IF($C42="import_local",IF($D42="","NEEDS SOURCE FILE",IF($E42="","NEEDS TARGET PATH","READY -> "&$I42)),IF($C42="existing_public",IF(IF($D42<>"",$D42,$E42)<>"","READY -> "&$I42,"NEEDS PUBLIC PATH"),"CHECK MODE"))))) -> READY -> /assets/testimonials/client15.jpg
A43: testimonial-pack-smark | B43: image | C43: existing_public | D43: /assets/testimonials/pack-smark.svg | E43: /assets/testimonials/pack-smark.svg | F43: Anonymized Fiverr client icon avatar | G43: Provided icon avatar available for anonymized Fiverr testimonials | H43: TRUE | I43: =IF($A43="","",IF(UPPER($H43)<>"TRUE","",IF($C43="import_local",IF($E43<>"",$E43,""),IF($C43="external_url",$D43,IF(IF($D43<>"",$D43,$E43)<>"",IF($D43<>"",$D43,$E43),""))))) -> /assets/testimonials/pack-smark.svg | J43: =IF($A43="","",IF(UPPER($H43)<>"TRUE","Disabled",HYPERLINK("http://127.0.0.1:5173/__dev/asset-source"&"?assetId="&ENCODEURL($A43)&"&sig="&ENCODEURL($B43&"|"&$C43&"|"&$D43&"|"&$E43&"|"&$H43),"Open source"))) -> Open source | K43: =IF($A43="","",IF(OR(UPPER($H43)<>"TRUE",$I43=""),"Unavailable",HYPERLINK("http://127.0.0.1:5173/__dev/asset-resolved"&"?assetId="&ENCODEURL($A43)&"&sig="&ENCODEURL($B43&"|"&$C43&"|"&$D43&"|"&$E43&"|"&$H43),"Open resolved"))) -> Open resolved | L43: No references | M43: =IF($A43="","",HYPERLINK("#'ASSET_PREVIEW'!A43","Open preview")) -> Open preview | N43: =IF($A43="","",IF(UPPER($H43)<>"TRUE","DISABLED",IF($C43="external_url",IF(OR(LEFT(LOWER($D43),7)="http://",LEFT(LOWER($D43),8)="https://"),"READY -> "&$I43,"NEEDS HTTP URL"),IF($C43="import_local",IF($D43="","NEEDS SOURCE FILE",IF($E43="","NEEDS TARGET PATH","READY -> "&$I43)),IF($C43="existing_public",IF(IF($D43<>"",$D43,$E43)<>"","READY -> "&$I43,"NEEDS PUBLIC PATH"),"CHECK MODE"))))) -> READY -> /assets/testimonials/pack-smark.svg
A44: testimonial-pack-mountain | B44: image | C44: existing_public | D44: /assets/testimonials/pack-mountain.svg | E44: /assets/testimonials/pack-mountain.svg | F44: Anonymized Fiverr client icon avatar | G44: Provided icon avatar available for anonymized Fiverr testimonials | H44: TRUE | I44: =IF($A44="","",IF(UPPER($H44)<>"TRUE","",IF($C44="import_local",IF($E44<>"",$E44,""),IF($C44="external_url",$D44,IF(IF($D44<>"",$D44,$E44)<>"",IF($D44<>"",$D44,$E44),""))))) -> /assets/testimonials/pack-mountain.svg | J44: =IF($A44="","",IF(UPPER($H44)<>"TRUE","Disabled",HYPERLINK("http://127.0.0.1:5173/__dev/asset-source"&"?assetId="&ENCODEURL($A44)&"&sig="&ENCODEURL($B44&"|"&$C44&"|"&$D44&"|"&$E44&"|"&$H44),"Open source"))) -> Open source | K44: =IF($A44="","",IF(OR(UPPER($H44)<>"TRUE",$I44=""),"Unavailable",HYPERLINK("http://127.0.0.1:5173/__dev/asset-resolved"&"?assetId="&ENCODEURL($A44)&"&sig="&ENCODEURL($B44&"|"&$C44&"|"&$D44&"|"&$E44&"|"&$H44),"Open resolved"))) -> Open resolved | L44: No references | M44: =IF($A44="","",HYPERLINK("#'ASSET_PREVIEW'!A44","Open preview")) -> Open preview | N44: =IF($A44="","",IF(UPPER($H44)<>"TRUE","DISABLED",IF($C44="external_url",IF(OR(LEFT(LOWER($D44),7)="http://",LEFT(LOWER($D44),8)="https://"),"READY -> "&$I44,"NEEDS HTTP URL"),IF($C44="import_local",IF($D44="","NEEDS SOURCE FILE",IF($E44="","NEEDS TARGET PATH","READY -> "&$I44)),IF($C44="existing_public",IF(IF($D44<>"",$D44,$E44)<>"","READY -> "&$I44,"NEEDS PUBLIC PATH"),"CHECK MODE"))))) -> READY -> /assets/testimonials/pack-mountain.svg
A45: project-6-video | B45: video | C45: existing_public | D45: /assets/projects/remote-pc-bridge.mp4 | E45: /assets/projects/remote-pc-bridge.mp4 | F45: Remote PC Bridge interface and PC demo | G45: Master video from supplied project footage | H45: TRUE | I45: =IF($A45="","",IF(UPPER($H45)<>"TRUE","",IF($C45="import_local",IF($E45<>"",$E45,""),IF($C45="external_url",$D45,IF(IF($D45<>"",$D45,$E45)<>"",IF($D45<>"",$D45,$E45),""))))) -> /assets/projects/remote-pc-bridge.mp4 | J45: =IF($A45="","",IF(UPPER($H45)<>"TRUE","Disabled",HYPERLINK("http://127.0.0.1:5173/__dev/asset-source"&"?assetId="&ENCODEURL($A45)&"&sig="&ENCODEURL($B45&"|"&$C45&"|"&$D45&"|"&$E45&"|"&$H45),"Open source"))) -> Open source | K45: =IF($A45="","",IF(OR(UPPER($H45)<>"TRUE",$I45=""),"Unavailable",HYPERLINK("http://127.0.0.1:5173/__dev/asset-resolved"&"?assetId="&ENCODEURL($A45)&"&sig="&ENCODEURL($B45&"|"&$C45&"|"&$D45&"|"&$E45&"|"&$H45),"Open resolved"))) -> Open resolved | L45: Remote PC Bridge video | M45: =IF($A45="","",HYPERLINK("#'ASSET_PREVIEW'!A45","Open preview")) -> Open preview | N45: =IF($A45="","",IF(UPPER($H45)<>"TRUE","DISABLED",IF($C45="external_url",IF(OR(LEFT(LOWER($D45),7)="http://",LEFT(LOWER($D45),8)="https://"),"READY -> "&$I45,"NEEDS HTTP URL"),IF($C45="import_local",IF($D45="","NEEDS SOURCE FILE",IF($E45="","NEEDS TARGET PATH","READY -> "&$I45)),IF($C45="existing_public",IF(IF($D45<>"",$D45,$E45)<>"","READY -> "&$I45,"NEEDS PUBLIC PATH"),"CHECK MODE"))))) -> READY -> /assets/projects/remote-pc-bridge.mp4
A46: project-6-thumbnail | B46: image | C46: existing_public | D46: /assets/projects/remote-pc-bridge.jpg | E46: /assets/projects/remote-pc-bridge.jpg | F46: Remote PC Bridge dashboard in dark and light themes | G46: Poster frame from supplied project footage | H46: TRUE | I46: =IF($A46="","",IF(UPPER($H46)<>"TRUE","",IF($C46="import_local",IF($E46<>"",$E46,""),IF($C46="external_url",$D46,IF(IF($D46<>"",$D46,$E46)<>"",IF($D46<>"",$D46,$E46),""))))) -> /assets/projects/remote-pc-bridge.jpg | J46: =IF($A46="","",IF(UPPER($H46)<>"TRUE","Disabled",HYPERLINK("http://127.0.0.1:5173/__dev/asset-source"&"?assetId="&ENCODEURL($A46)&"&sig="&ENCODEURL($B46&"|"&$C46&"|"&$D46&"|"&$E46&"|"&$H46),"Open source"))) -> Open source | K46: =IF($A46="","",IF(OR(UPPER($H46)<>"TRUE",$I46=""),"Unavailable",HYPERLINK("http://127.0.0.1:5173/__dev/asset-resolved"&"?assetId="&ENCODEURL($A46)&"&sig="&ENCODEURL($B46&"|"&$C46&"|"&$D46&"|"&$E46&"|"&$H46),"Open resolved"))) -> Open resolved | L46: Remote PC Bridge thumbnail | M46: =IF($A46="","",HYPERLINK("#'ASSET_PREVIEW'!A46","Open preview")) -> Open preview | N46: =IF($A46="","",IF(UPPER($H46)<>"TRUE","DISABLED",IF($C46="external_url",IF(OR(LEFT(LOWER($D46),7)="http://",LEFT(LOWER($D46),8)="https://"),"READY -> "&$I46,"NEEDS HTTP URL"),IF($C46="import_local",IF($D46="","NEEDS SOURCE FILE",IF($E46="","NEEDS TARGET PATH","READY -> "&$I46)),IF($C46="existing_public",IF(IF($D46<>"",$D46,$E46)<>"","READY -> "&$I46,"NEEDS PUBLIC PATH"),"CHECK MODE"))))) -> READY -> /assets/projects/remote-pc-bridge.jpg
A47: project-6-icon | B47: icon | C47: existing_public | D47: /assets/projects/remote-pc-bridge-icon.png | E47: /assets/projects/remote-pc-bridge-icon.png | F47: Remote PC Bridge icon | G47: Project icon | H47: TRUE | I47: =IF($A47="","",IF(UPPER($H47)<>"TRUE","",IF($C47="import_local",IF($E47<>"",$E47,""),IF($C47="external_url",$D47,IF(IF($D47<>"",$D47,$E47)<>"",IF($D47<>"",$D47,$E47),""))))) -> /assets/projects/remote-pc-bridge-icon.png | J47: =IF($A47="","",IF(UPPER($H47)<>"TRUE","Disabled",HYPERLINK("http://127.0.0.1:5173/__dev/asset-source"&"?assetId="&ENCODEURL($A47)&"&sig="&ENCODEURL($B47&"|"&$C47&"|"&$D47&"|"&$E47&"|"&$H47),"Open source"))) -> Open source | K47: =IF($A47="","",IF(OR(UPPER($H47)<>"TRUE",$I47=""),"Unavailable",HYPERLINK("http://127.0.0.1:5173/__dev/asset-resolved"&"?assetId="&ENCODEURL($A47)&"&sig="&ENCODEURL($B47&"|"&$C47&"|"&$D47&"|"&$E47&"|"&$H47),"Open resolved"))) -> Open resolved | L47: Remote PC Bridge icon | M47: =IF($A47="","",HYPERLINK("#'ASSET_PREVIEW'!A47","Open preview")) -> Open preview | N47: =IF($A47="","",IF(UPPER($H47)<>"TRUE","DISABLED",IF($C47="external_url",IF(OR(LEFT(LOWER($D47),7)="http://",LEFT(LOWER($D47),8)="https://"),"READY -> "&$I47,"NEEDS HTTP URL"),IF($C47="import_local",IF($D47="","NEEDS SOURCE FILE",IF($E47="","NEEDS TARGET PATH","READY -> "&$I47)),IF($C47="existing_public",IF(IF($D47<>"",$D47,$E47)<>"","READY -> "&$I47,"NEEDS PUBLIC PATH"),"CHECK MODE"))))) -> READY -> /assets/projects/remote-pc-bridge-icon.png
A48: datacraft-cover | B48: image | C48: existing_public | D48: /assets/projects/datacraft/cover.webp | E48: /assets/projects/datacraft/cover.webp | F48: DataCraft: game data made visual, with the JSON Designer and Emberfall demo | G48: Original DataCraft product artwork; web export. Demo uses the YouTube video embedded in the public itch.io listing. | H48: TRUE | I48: =IF($A48="","",IF(UPPER($H48)<>"TRUE","",IF($C48="import_local",IF($E48<>"",$E48,""),IF($C48="external_url",$D48,IF(IF($D48<>"",$D48,$E48)<>"",IF($D48<>"",$D48,$E48),""))))) -> /assets/projects/datacraft/cover.webp | J48: =IF($A48="","",IF(UPPER($H48)<>"TRUE","Disabled",HYPERLINK("http://127.0.0.1:5173/__dev/asset-source"&"?assetId="&ENCODEURL($A48)&"&sig="&ENCODEURL($B48&"|"&$C48&"|"&$D48&"|"&$E48&"|"&$H48),"Open source"))) -> Open source | K48: =IF($A48="","",IF(OR(UPPER($H48)<>"TRUE",$I48=""),"Unavailable",HYPERLINK("http://127.0.0.1:5173/__dev/asset-resolved"&"?assetId="&ENCODEURL($A48)&"&sig="&ENCODEURL($B48&"|"&$C48&"|"&$D48&"|"&$E48&"|"&$H48),"Open resolved"))) -> Open resolved | L48: DataCraft thumbnail | M48: =IF($A48="","",HYPERLINK("#'ASSET_PREVIEW'!A48","Open preview")) -> Open preview | N48: =IF($A48="","",IF(UPPER($H48)<>"TRUE","DISABLED",IF($C48="external_url",IF(OR(LEFT(LOWER($D48),7)="http://",LEFT(LOWER($D48),8)="https://"),"READY -> "&$I48,"NEEDS HTTP URL"),IF($C48="import_local",IF($D48="","NEEDS SOURCE FILE",IF($E48="","NEEDS TARGET PATH","READY -> "&$I48)),IF($C48="existing_public",IF(IF($D48<>"",$D48,$E48)<>"","READY -> "&$I48,"NEEDS PUBLIC PATH"),"CHECK MODE"))))) -> READY -> /assets/projects/datacraft/cover.webp
A49: datacraft-icon | B49: icon | C49: existing_public | D49: /assets/projects/datacraft/symbol.svg | E49: /assets/projects/datacraft/symbol.svg | F49: DataCraft original Ensamble symbol | G49: Original DataCraft product artwork; web export. Demo uses the YouTube video embedded in the public itch.io listing. | H49: TRUE | I49: =IF($A49="","",IF(UPPER($H49)<>"TRUE","",IF($C49="import_local",IF($E49<>"",$E49,""),IF($C49="external_url",$D49,IF(IF($D49<>"",$D49,$E49)<>"",IF($D49<>"",$D49,$E49),""))))) -> /assets/projects/datacraft/symbol.svg | J49: =IF($A49="","",IF(UPPER($H49)<>"TRUE","Disabled",HYPERLINK("http://127.0.0.1:5173/__dev/asset-source"&"?assetId="&ENCODEURL($A49)&"&sig="&ENCODEURL($B49&"|"&$C49&"|"&$D49&"|"&$E49&"|"&$H49),"Open source"))) -> Open source | K49: =IF($A49="","",IF(OR(UPPER($H49)<>"TRUE",$I49=""),"Unavailable",HYPERLINK("http://127.0.0.1:5173/__dev/asset-resolved"&"?assetId="&ENCODEURL($A49)&"&sig="&ENCODEURL($B49&"|"&$C49&"|"&$D49&"|"&$E49&"|"&$H49),"Open resolved"))) -> Open resolved | L49: DataCraft icon | M49: =IF($A49="","",HYPERLINK("#'ASSET_PREVIEW'!A49","Open preview")) -> Open preview | N49: =IF($A49="","",IF(UPPER($H49)<>"TRUE","DISABLED",IF($C49="external_url",IF(OR(LEFT(LOWER($D49),7)="http://",LEFT(LOWER($D49),8)="https://"),"READY -> "&$I49,"NEEDS HTTP URL"),IF($C49="import_local",IF($D49="","NEEDS SOURCE FILE",IF($E49="","NEEDS TARGET PATH","READY -> "&$I49)),IF($C49="existing_public",IF(IF($D49<>"",$D49,$E49)<>"","READY -> "&$I49,"NEEDS PUBLIC PATH"),"CHECK MODE"))))) -> READY -> /assets/projects/datacraft/symbol.svg
A50: datacraft-gallery-1 | B50: image | C50: existing_public | D50: /assets/projects/datacraft/02-Visual-authoring.webp | E50: /assets/projects/datacraft/02-Visual-authoring.webp | F50: Visual authoring: typed templates and fields in JSON Designer | G50: Original DataCraft product artwork; web export. Demo uses the YouTube video embedded in the public itch.io listing. | H50: TRUE | I50: =IF($A50="","",IF(UPPER($H50)<>"TRUE","",IF($C50="import_local",IF($E50<>"",$E50,""),IF($C50="external_url",$D50,IF(IF($D50<>"",$D50,$E50)<>"",IF($D50<>"",$D50,$E50),""))))) -> /assets/projects/datacraft/02-Visual-authoring.webp | J50: =IF($A50="","",IF(UPPER($H50)<>"TRUE","Disabled",HYPERLINK("http://127.0.0.1:5173/__dev/asset-source"&"?assetId="&ENCODEURL($A50)&"&sig="&ENCODEURL($B50&"|"&$C50&"|"&$D50&"|"&$E50&"|"&$H50),"Open source"))) -> Open source | K50: =IF($A50="","",IF(OR(UPPER($H50)<>"TRUE",$I50=""),"Unavailable",HYPERLINK("http://127.0.0.1:5173/__dev/asset-resolved"&"?assetId="&ENCODEURL($A50)&"&sig="&ENCODEURL($B50&"|"&$C50&"|"&$D50&"|"&$E50&"|"&$H50),"Open resolved"))) -> Open resolved | L50: DataCraft gallery | M50: =IF($A50="","",HYPERLINK("#'ASSET_PREVIEW'!A50","Open preview")) -> Open preview | N50: =IF($A50="","",IF(UPPER($H50)<>"TRUE","DISABLED",IF($C50="external_url",IF(OR(LEFT(LOWER($D50),7)="http://",LEFT(LOWER($D50),8)="https://"),"READY -> "&$I50,"NEEDS HTTP URL"),IF($C50="import_local",IF($D50="","NEEDS SOURCE FILE",IF($E50="","NEEDS TARGET PATH","READY -> "&$I50)),IF($C50="existing_public",IF(IF($D50<>"",$D50,$E50)<>"","READY -> "&$I50,"NEEDS PUBLIC PATH"),"CHECK MODE"))))) -> READY -> /assets/projects/datacraft/02-Visual-authoring.webp
A51: datacraft-gallery-2 | B51: image | C51: existing_public | D51: /assets/projects/datacraft/03-Templates-instances.webp | E51: /assets/projects/datacraft/03-Templates-instances.webp | F51: Templates and instances: reuse a schema for different weapons | G51: Original DataCraft product artwork; web export. Demo uses the YouTube video embedded in the public itch.io listing. | H51: TRUE | I51: =IF($A51="","",IF(UPPER($H51)<>"TRUE","",IF($C51="import_local",IF($E51<>"",$E51,""),IF($C51="external_url",$D51,IF(IF($D51<>"",$D51,$E51)<>"",IF($D51<>"",$D51,$E51),""))))) -> /assets/projects/datacraft/03-Templates-instances.webp | J51: =IF($A51="","",IF(UPPER($H51)<>"TRUE","Disabled",HYPERLINK("http://127.0.0.1:5173/__dev/asset-source"&"?assetId="&ENCODEURL($A51)&"&sig="&ENCODEURL($B51&"|"&$C51&"|"&$D51&"|"&$E51&"|"&$H51),"Open source"))) -> Open source | K51: =IF($A51="","",IF(OR(UPPER($H51)<>"TRUE",$I51=""),"Unavailable",HYPERLINK("http://127.0.0.1:5173/__dev/asset-resolved"&"?assetId="&ENCODEURL($A51)&"&sig="&ENCODEURL($B51&"|"&$C51&"|"&$D51&"|"&$E51&"|"&$H51),"Open resolved"))) -> Open resolved | L51: DataCraft gallery | M51: =IF($A51="","",HYPERLINK("#'ASSET_PREVIEW'!A51","Open preview")) -> Open preview | N51: =IF($A51="","",IF(UPPER($H51)<>"TRUE","DISABLED",IF($C51="external_url",IF(OR(LEFT(LOWER($D51),7)="http://",LEFT(LOWER($D51),8)="https://"),"READY -> "&$I51,"NEEDS HTTP URL"),IF($C51="import_local",IF($D51="","NEEDS SOURCE FILE",IF($E51="","NEEDS TARGET PATH","READY -> "&$I51)),IF($C51="existing_public",IF(IF($D51<>"",$D51,$E51)<>"","READY -> "&$I51,"NEEDS PUBLIC PATH"),"CHECK MODE"))))) -> READY -> /assets/projects/datacraft/03-Templates-instances.webp
A52: datacraft-gallery-3 | B52: image | C52: existing_public | D52: /assets/projects/datacraft/04-Template-references.webp | E52: /assets/projects/datacraft/04-Template-references.webp | F52: Template references: link enemies to their weapon data | G52: Original DataCraft product artwork; web export. Demo uses the YouTube video embedded in the public itch.io listing. | H52: TRUE | I52: =IF($A52="","",IF(UPPER($H52)<>"TRUE","",IF($C52="import_local",IF($E52<>"",$E52,""),IF($C52="external_url",$D52,IF(IF($D52<>"",$D52,$E52)<>"",IF($D52<>"",$D52,$E52),""))))) -> /assets/projects/datacraft/04-Template-references.webp | J52: =IF($A52="","",IF(UPPER($H52)<>"TRUE","Disabled",HYPERLINK("http://127.0.0.1:5173/__dev/asset-source"&"?assetId="&ENCODEURL($A52)&"&sig="&ENCODEURL($B52&"|"&$C52&"|"&$D52&"|"&$E52&"|"&$H52),"Open source"))) -> Open source | K52: =IF($A52="","",IF(OR(UPPER($H52)<>"TRUE",$I52=""),"Unavailable",HYPERLINK("http://127.0.0.1:5173/__dev/asset-resolved"&"?assetId="&ENCODEURL($A52)&"&sig="&ENCODEURL($B52&"|"&$C52&"|"&$D52&"|"&$E52&"|"&$H52),"Open resolved"))) -> Open resolved | L52: DataCraft gallery | M52: =IF($A52="","",HYPERLINK("#'ASSET_PREVIEW'!A52","Open preview")) -> Open preview | N52: =IF($A52="","",IF(UPPER($H52)<>"TRUE","DISABLED",IF($C52="external_url",IF(OR(LEFT(LOWER($D52),7)="http://",LEFT(LOWER($D52),8)="https://"),"READY -> "&$I52,"NEEDS HTTP URL"),IF($C52="import_local",IF($D52="","NEEDS SOURCE FILE",IF($E52="","NEEDS TARGET PATH","READY -> "&$I52)),IF($C52="existing_public",IF(IF($D52<>"",$D52,$E52)<>"","READY -> "&$I52,"NEEDS PUBLIC PATH"),"CHECK MODE"))))) -> READY -> /assets/projects/datacraft/04-Template-references.webp
A53: datacraft-gallery-4 | B53: image | C53: existing_public | D53: /assets/projects/datacraft/05-Unity-integration.webp | E53: /assets/projects/datacraft/05-Unity-integration.webp | F53: Unity integration: DataCraft docked in the Unity Editor | G53: Original DataCraft product artwork; web export. Demo uses the YouTube video embedded in the public itch.io listing. | H53: TRUE | I53: =IF($A53="","",IF(UPPER($H53)<>"TRUE","",IF($C53="import_local",IF($E53<>"",$E53,""),IF($C53="external_url",$D53,IF(IF($D53<>"",$D53,$E53)<>"",IF($D53<>"",$D53,$E53),""))))) -> /assets/projects/datacraft/05-Unity-integration.webp | J53: =IF($A53="","",IF(UPPER($H53)<>"TRUE","Disabled",HYPERLINK("http://127.0.0.1:5173/__dev/asset-source"&"?assetId="&ENCODEURL($A53)&"&sig="&ENCODEURL($B53&"|"&$C53&"|"&$D53&"|"&$E53&"|"&$H53),"Open source"))) -> Open source | K53: =IF($A53="","",IF(OR(UPPER($H53)<>"TRUE",$I53=""),"Unavailable",HYPERLINK("http://127.0.0.1:5173/__dev/asset-resolved"&"?assetId="&ENCODEURL($A53)&"&sig="&ENCODEURL($B53&"|"&$C53&"|"&$D53&"|"&$E53&"|"&$H53),"Open resolved"))) -> Open resolved | L53: DataCraft gallery | M53: =IF($A53="","",HYPERLINK("#'ASSET_PREVIEW'!A53","Open preview")) -> Open preview | N53: =IF($A53="","",IF(UPPER($H53)<>"TRUE","DISABLED",IF($C53="external_url",IF(OR(LEFT(LOWER($D53),7)="http://",LEFT(LOWER($D53),8)="https://"),"READY -> "&$I53,"NEEDS HTTP URL"),IF($C53="import_local",IF($D53="","NEEDS SOURCE FILE",IF($E53="","NEEDS TARGET PATH","READY -> "&$I53)),IF($C53="existing_public",IF(IF($D53<>"",$D53,$E53)<>"","READY -> "&$I53,"NEEDS PUBLIC PATH"),"CHECK MODE"))))) -> READY -> /assets/projects/datacraft/05-Unity-integration.webp
A54: datacraft-gallery-5 | B54: image | C54: existing_public | D54: /assets/projects/datacraft/06-API-workflow.webp | E54: /assets/projects/datacraft/06-API-workflow.webp | F54: JSON APIs: configure endpoints and preview typed C# | G54: Original DataCraft product artwork; web export. Demo uses the YouTube video embedded in the public itch.io listing. | H54: TRUE | I54: =IF($A54="","",IF(UPPER($H54)<>"TRUE","",IF($C54="import_local",IF($E54<>"",$E54,""),IF($C54="external_url",$D54,IF(IF($D54<>"",$D54,$E54)<>"",IF($D54<>"",$D54,$E54),""))))) -> /assets/projects/datacraft/06-API-workflow.webp | J54: =IF($A54="","",IF(UPPER($H54)<>"TRUE","Disabled",HYPERLINK("http://127.0.0.1:5173/__dev/asset-source"&"?assetId="&ENCODEURL($A54)&"&sig="&ENCODEURL($B54&"|"&$C54&"|"&$D54&"|"&$E54&"|"&$H54),"Open source"))) -> Open source | K54: =IF($A54="","",IF(OR(UPPER($H54)<>"TRUE",$I54=""),"Unavailable",HYPERLINK("http://127.0.0.1:5173/__dev/asset-resolved"&"?assetId="&ENCODEURL($A54)&"&sig="&ENCODEURL($B54&"|"&$C54&"|"&$D54&"|"&$E54&"|"&$H54),"Open resolved"))) -> Open resolved | L54: DataCraft gallery | M54: =IF($A54="","",HYPERLINK("#'ASSET_PREVIEW'!A54","Open preview")) -> Open preview | N54: =IF($A54="","",IF(UPPER($H54)<>"TRUE","DISABLED",IF($C54="external_url",IF(OR(LEFT(LOWER($D54),7)="http://",LEFT(LOWER($D54),8)="https://"),"READY -> "&$I54,"NEEDS HTTP URL"),IF($C54="import_local",IF($D54="","NEEDS SOURCE FILE",IF($E54="","NEEDS TARGET PATH","READY -> "&$I54)),IF($C54="existing_public",IF(IF($D54<>"",$D54,$E54)<>"","READY -> "&$I54,"NEEDS PUBLIC PATH"),"CHECK MODE"))))) -> READY -> /assets/projects/datacraft/06-API-workflow.webp
A55: datacraft-gallery-6 | B55: image | C55: existing_public | D55: /assets/projects/datacraft/07-Client-to-gameplay.webp | E55: /assets/projects/datacraft/07-Client-to-gameplay.webp | F55: Client to gameplay: use generated API clients in a game | G55: Original DataCraft product artwork; web export. Demo uses the YouTube video embedded in the public itch.io listing. | H55: TRUE | I55: =IF($A55="","",IF(UPPER($H55)<>"TRUE","",IF($C55="import_local",IF($E55<>"",$E55,""),IF($C55="external_url",$D55,IF(IF($D55<>"",$D55,$E55)<>"",IF($D55<>"",$D55,$E55),""))))) -> /assets/projects/datacraft/07-Client-to-gameplay.webp | J55: =IF($A55="","",IF(UPPER($H55)<>"TRUE","Disabled",HYPERLINK("http://127.0.0.1:5173/__dev/asset-source"&"?assetId="&ENCODEURL($A55)&"&sig="&ENCODEURL($B55&"|"&$C55&"|"&$D55&"|"&$E55&"|"&$H55),"Open source"))) -> Open source | K55: =IF($A55="","",IF(OR(UPPER($H55)<>"TRUE",$I55=""),"Unavailable",HYPERLINK("http://127.0.0.1:5173/__dev/asset-resolved"&"?assetId="&ENCODEURL($A55)&"&sig="&ENCODEURL($B55&"|"&$C55&"|"&$D55&"|"&$E55&"|"&$H55),"Open resolved"))) -> Open resolved | L55: DataCraft gallery | M55: =IF($A55="","",HYPERLINK("#'ASSET_PREVIEW'!A55","Open preview")) -> Open preview | N55: =IF($A55="","",IF(UPPER($H55)<>"TRUE","DISABLED",IF($C55="external_url",IF(OR(LEFT(LOWER($D55),7)="http://",LEFT(LOWER($D55),8)="https://"),"READY -> "&$I55,"NEEDS HTTP URL"),IF($C55="import_local",IF($D55="","NEEDS SOURCE FILE",IF($E55="","NEEDS TARGET PATH","READY -> "&$I55)),IF($C55="existing_public",IF(IF($D55<>"",$D55,$E55)<>"","READY -> "&$I55,"NEEDS PUBLIC PATH"),"CHECK MODE"))))) -> READY -> /assets/projects/datacraft/07-Client-to-gameplay.webp
A56: datacraft-gallery-7 | B56: image | C56: existing_public | D56: /assets/projects/datacraft/08-Save-progress.webp | E56: /assets/projects/datacraft/08-Save-progress.webp | F56: Save progress: inspect local JSON saves from gameplay | G56: Original DataCraft product artwork; web export. Demo uses the YouTube video embedded in the public itch.io listing. | H56: TRUE | I56: =IF($A56="","",IF(UPPER($H56)<>"TRUE","",IF($C56="import_local",IF($E56<>"",$E56,""),IF($C56="external_url",$D56,IF(IF($D56<>"",$D56,$E56)<>"",IF($D56<>"",$D56,$E56),""))))) -> /assets/projects/datacraft/08-Save-progress.webp | J56: =IF($A56="","",IF(UPPER($H56)<>"TRUE","Disabled",HYPERLINK("http://127.0.0.1:5173/__dev/asset-source"&"?assetId="&ENCODEURL($A56)&"&sig="&ENCODEURL($B56&"|"&$C56&"|"&$D56&"|"&$E56&"|"&$H56),"Open source"))) -> Open source | K56: =IF($A56="","",IF(OR(UPPER($H56)<>"TRUE",$I56=""),"Unavailable",HYPERLINK("http://127.0.0.1:5173/__dev/asset-resolved"&"?assetId="&ENCODEURL($A56)&"&sig="&ENCODEURL($B56&"|"&$C56&"|"&$D56&"|"&$E56&"|"&$H56),"Open resolved"))) -> Open resolved | L56: DataCraft gallery | M56: =IF($A56="","",HYPERLINK("#'ASSET_PREVIEW'!A56","Open preview")) -> Open preview | N56: =IF($A56="","",IF(UPPER($H56)<>"TRUE","DISABLED",IF($C56="external_url",IF(OR(LEFT(LOWER($D56),7)="http://",LEFT(LOWER($D56),8)="https://"),"READY -> "&$I56,"NEEDS HTTP URL"),IF($C56="import_local",IF($D56="","NEEDS SOURCE FILE",IF($E56="","NEEDS TARGET PATH","READY -> "&$I56)),IF($C56="existing_public",IF(IF($D56<>"",$D56,$E56)<>"","READY -> "&$I56,"NEEDS PUBLIC PATH"),"CHECK MODE"))))) -> READY -> /assets/projects/datacraft/08-Save-progress.webp
A57: datacraft-gallery-8 | B57: image | C57: existing_public | D57: /assets/projects/datacraft/09-Flexible-workspace.webp | E57: /assets/projects/datacraft/09-Flexible-workspace.webp | F57: Flexible workspace: wide, compact and docked Editor layouts | G57: Original DataCraft product artwork; web export. Demo uses the YouTube video embedded in the public itch.io listing. | H57: TRUE | I57: =IF($A57="","",IF(UPPER($H57)<>"TRUE","",IF($C57="import_local",IF($E57<>"",$E57,""),IF($C57="external_url",$D57,IF(IF($D57<>"",$D57,$E57)<>"",IF($D57<>"",$D57,$E57),""))))) -> /assets/projects/datacraft/09-Flexible-workspace.webp | J57: =IF($A57="","",IF(UPPER($H57)<>"TRUE","Disabled",HYPERLINK("http://127.0.0.1:5173/__dev/asset-source"&"?assetId="&ENCODEURL($A57)&"&sig="&ENCODEURL($B57&"|"&$C57&"|"&$D57&"|"&$E57&"|"&$H57),"Open source"))) -> Open source | K57: =IF($A57="","",IF(OR(UPPER($H57)<>"TRUE",$I57=""),"Unavailable",HYPERLINK("http://127.0.0.1:5173/__dev/asset-resolved"&"?assetId="&ENCODEURL($A57)&"&sig="&ENCODEURL($B57&"|"&$C57&"|"&$D57&"|"&$E57&"|"&$H57),"Open resolved"))) -> Open resolved | L57: DataCraft gallery | M57: =IF($A57="","",HYPERLINK("#'ASSET_PREVIEW'!A57","Open preview")) -> Open preview | N57: =IF($A57="","",IF(UPPER($H57)<>"TRUE","DISABLED",IF($C57="external_url",IF(OR(LEFT(LOWER($D57),7)="http://",LEFT(LOWER($D57),8)="https://"),"READY -> "&$I57,"NEEDS HTTP URL"),IF($C57="import_local",IF($D57="","NEEDS SOURCE FILE",IF($E57="","NEEDS TARGET PATH","READY -> "&$I57)),IF($C57="existing_public",IF(IF($D57<>"",$D57,$E57)<>"","READY -> "&$I57,"NEEDS PUBLIC PATH"),"CHECK MODE"))))) -> READY -> /assets/projects/datacraft/09-Flexible-workspace.webp
A58: datacraft-video | B58: video | C58: existing_public | D58: /assets/projects/datacraft-demo.mp4 | E58: /assets/projects/datacraft-demo.mp4 | F58: DataCraft published demonstration video | G58: Original published YouTube demo Uqpto9OyuA0. Used to derive the light gallery preview and native modal video. | H58: TRUE | I58: =IF($A58="","",IF(UPPER($H58)<>"TRUE","",IF($C58="import_local",IF($E58<>"",$E58,""),IF($C58="external_url",$D58,IF(IF($D58<>"",$D58,$E58)<>"",IF($D58<>"",$D58,$E58),""))))) -> /assets/projects/datacraft-demo.mp4 | J58: =IF($A58="","",IF(UPPER($H58)<>"TRUE","Disabled",HYPERLINK("http://127.0.0.1:5173/__dev/asset-source"&"?assetId="&ENCODEURL($A58)&"&sig="&ENCODEURL($B58&"|"&$C58&"|"&$D58&"|"&$E58&"|"&$H58),"Open source"))) -> Open source | K58: =IF($A58="","",IF(OR(UPPER($H58)<>"TRUE",$I58=""),"Unavailable",HYPERLINK("http://127.0.0.1:5173/__dev/asset-resolved"&"?assetId="&ENCODEURL($A58)&"&sig="&ENCODEURL($B58&"|"&$C58&"|"&$D58&"|"&$E58&"|"&$H58),"Open resolved"))) -> Open resolved | L58: DataCraft video | M58: =IF($A58="","",HYPERLINK("#'ASSET_PREVIEW'!A58","Open preview")) -> Open preview | N58: =IF($A58="","",IF(UPPER($H58)<>"TRUE","DISABLED",IF($C58="external_url",IF(OR(LEFT(LOWER($D58),7)="http://",LEFT(LOWER($D58),8)="https://"),"READY -> "&$I58,"NEEDS HTTP URL"),IF($C58="import_local",IF($D58="","NEEDS SOURCE FILE",IF($E58="","NEEDS TARGET PATH","READY -> "&$I58)),IF($C58="existing_public",IF(IF($D58<>"",$D58,$E58)<>"","READY -> "&$I58,"NEEDS PUBLIC PATH"),"CHECK MODE"))))) -> READY -> /assets/projects/datacraft-demo.mp4
I59: =IF($A59="","",IF(UPPER($H59)<>"TRUE","",IF($C59="import_local",IF($E59<>"",$E59,""),IF($C59="external_url",$D59,IF(IF($D59<>"",$D59,$E59)<>"",IF($D59<>"",$D59,$E59),""))))) | J59: =IF($A59="","",IF(UPPER($H59)<>"TRUE","Disabled",HYPERLINK("http://127.0.0.1:5173/__dev/asset-source"&"?assetId="&ENCODEURL($A59)&"&sig="&ENCODEURL($B59&"|"&$C59&"|"&$D59&"|"&$E59&"|"&$H59),"Open source"))) | K59: =IF($A59="","",IF(OR(UPPER($H59)<>"TRUE",$I59=""),"Unavailable",HYPERLINK("http://127.0.0.1:5173/__dev/asset-resolved"&"?assetId="&ENCODEURL($A59)&"&sig="&ENCODEURL($B59&"|"&$C59&"|"&$D59&"|"&$E59&"|"&$H59),"Open resolved"))) | M59: =IF($A59="","",HYPERLINK("#'ASSET_PREVIEW'!A59","Open preview")) | N59: =IF($A59="","",IF(UPPER($H59)<>"TRUE","DISABLED",IF($C59="external_url",IF(OR(LEFT(LOWER($D59),7)="http://",LEFT(LOWER($D59),8)="https://"),"READY -> "&$I59,"NEEDS HTTP URL"),IF($C59="import_local",IF($D59="","NEEDS SOURCE FILE",IF($E59="","NEEDS TARGET PATH","READY -> "&$I59)),IF($C59="existing_public",IF(IF($D59<>"",$D59,$E59)<>"","READY -> "&$I59,"NEEDS PUBLIC PATH"),"CHECK MODE")))))
I60: =IF($A60="","",IF(UPPER($H60)<>"TRUE","",IF($C60="import_local",IF($E60<>"",$E60,""),IF($C60="external_url",$D60,IF(IF($D60<>"",$D60,$E60)<>"",IF($D60<>"",$D60,$E60),""))))) | J60: =IF($A60="","",IF(UPPER($H60)<>"TRUE","Disabled",HYPERLINK("http://127.0.0.1:5173/__dev/asset-source"&"?assetId="&ENCODEURL($A60)&"&sig="&ENCODEURL($B60&"|"&$C60&"|"&$D60&"|"&$E60&"|"&$H60),"Open source"))) | K60: =IF($A60="","",IF(OR(UPPER($H60)<>"TRUE",$I60=""),"Unavailable",HYPERLINK("http://127.0.0.1:5173/__dev/asset-resolved"&"?assetId="&ENCODEURL($A60)&"&sig="&ENCODEURL($B60&"|"&$C60&"|"&$D60&"|"&$E60&"|"&$H60),"Open resolved"))) | M60: =IF($A60="","",HYPERLINK("#'ASSET_PREVIEW'!A60","Open preview")) | N60: =IF($A60="","",IF(UPPER($H60)<>"TRUE","DISABLED",IF($C60="external_url",IF(OR(LEFT(LOWER($D60),7)="http://",LEFT(LOWER($D60),8)="https://"),"READY -> "&$I60,"NEEDS HTTP URL"),IF($C60="import_local",IF($D60="","NEEDS SOURCE FILE",IF($E60="","NEEDS TARGET PATH","READY -> "&$I60)),IF($C60="existing_public",IF(IF($D60<>"",$D60,$E60)<>"","READY -> "&$I60,"NEEDS PUBLIC PATH"),"CHECK MODE")))))
I61: =IF($A61="","",IF(UPPER($H61)<>"TRUE","",IF($C61="import_local",IF($E61<>"",$E61,""),IF($C61="external_url",$D61,IF(IF($D61<>"",$D61,$E61)<>"",IF($D61<>"",$D61,$E61),""))))) | J61: =IF($A61="","",IF(UPPER($H61)<>"TRUE","Disabled",HYPERLINK("http://127.0.0.1:5173/__dev/asset-source"&"?assetId="&ENCODEURL($A61)&"&sig="&ENCODEURL($B61&"|"&$C61&"|"&$D61&"|"&$E61&"|"&$H61),"Open source"))) | K61: =IF($A61="","",IF(OR(UPPER($H61)<>"TRUE",$I61=""),"Unavailable",HYPERLINK("http://127.0.0.1:5173/__dev/asset-resolved"&"?assetId="&ENCODEURL($A61)&"&sig="&ENCODEURL($B61&"|"&$C61&"|"&$D61&"|"&$E61&"|"&$H61),"Open resolved"))) | M61: =IF($A61="","",HYPERLINK("#'ASSET_PREVIEW'!A61","Open preview")) | N61: =IF($A61="","",IF(UPPER($H61)<>"TRUE","DISABLED",IF($C61="external_url",IF(OR(LEFT(LOWER($D61),7)="http://",LEFT(LOWER($D61),8)="https://"),"READY -> "&$I61,"NEEDS HTTP URL"),IF($C61="import_local",IF($D61="","NEEDS SOURCE FILE",IF($E61="","NEEDS TARGET PATH","READY -> "&$I61)),IF($C61="existing_public",IF(IF($D61<>"",$D61,$E61)<>"","READY -> "&$I61,"NEEDS PUBLIC PATH"),"CHECK MODE")))))
I62: =IF($A62="","",IF(UPPER($H62)<>"TRUE","",IF($C62="import_local",IF($E62<>"",$E62,""),IF($C62="external_url",$D62,IF(IF($D62<>"",$D62,$E62)<>"",IF($D62<>"",$D62,$E62),""))))) | J62: =IF($A62="","",IF(UPPER($H62)<>"TRUE","Disabled",HYPERLINK("http://127.0.0.1:5173/__dev/asset-source"&"?assetId="&ENCODEURL($A62)&"&sig="&ENCODEURL($B62&"|"&$C62&"|"&$D62&"|"&$E62&"|"&$H62),"Open source"))) | K62: =IF($A62="","",IF(OR(UPPER($H62)<>"TRUE",$I62=""),"Unavailable",HYPERLINK("http://127.0.0.1:5173/__dev/asset-resolved"&"?assetId="&ENCODEURL($A62)&"&sig="&ENCODEURL($B62&"|"&$C62&"|"&$D62&"|"&$E62&"|"&$H62),"Open resolved"))) | M62: =IF($A62="","",HYPERLINK("#'ASSET_PREVIEW'!A62","Open preview")) | N62: =IF($A62="","",IF(UPPER($H62)<>"TRUE","DISABLED",IF($C62="external_url",IF(OR(LEFT(LOWER($D62),7)="http://",LEFT(LOWER($D62),8)="https://"),"READY -> "&$I62,"NEEDS HTTP URL"),IF($C62="import_local",IF($D62="","NEEDS SOURCE FILE",IF($E62="","NEEDS TARGET PATH","READY -> "&$I62)),IF($C62="existing_public",IF(IF($D62<>"",$D62,$E62)<>"","READY -> "&$I62,"NEEDS PUBLIC PATH"),"CHECK MODE")))))
I63: =IF($A63="","",IF(UPPER($H63)<>"TRUE","",IF($C63="import_local",IF($E63<>"",$E63,""),IF($C63="external_url",$D63,IF(IF($D63<>"",$D63,$E63)<>"",IF($D63<>"",$D63,$E63),""))))) | J63: =IF($A63="","",IF(UPPER($H63)<>"TRUE","Disabled",HYPERLINK("http://127.0.0.1:5173/__dev/asset-source"&"?assetId="&ENCODEURL($A63)&"&sig="&ENCODEURL($B63&"|"&$C63&"|"&$D63&"|"&$E63&"|"&$H63),"Open source"))) | K63: =IF($A63="","",IF(OR(UPPER($H63)<>"TRUE",$I63=""),"Unavailable",HYPERLINK("http://127.0.0.1:5173/__dev/asset-resolved"&"?assetId="&ENCODEURL($A63)&"&sig="&ENCODEURL($B63&"|"&$C63&"|"&$D63&"|"&$E63&"|"&$H63),"Open resolved"))) | M63: =IF($A63="","",HYPERLINK("#'ASSET_PREVIEW'!A63","Open preview")) | N63: =IF($A63="","",IF(UPPER($H63)<>"TRUE","DISABLED",IF($C63="external_url",IF(OR(LEFT(LOWER($D63),7)="http://",LEFT(LOWER($D63),8)="https://"),"READY -> "&$I63,"NEEDS HTTP URL"),IF($C63="import_local",IF($D63="","NEEDS SOURCE FILE",IF($E63="","NEEDS TARGET PATH","READY -> "&$I63)),IF($C63="existing_public",IF(IF($D63<>"",$D63,$E63)<>"","READY -> "&$I63,"NEEDS PUBLIC PATH"),"CHECK MODE")))))
I64: =IF($A64="","",IF(UPPER($H64)<>"TRUE","",IF($C64="import_local",IF($E64<>"",$E64,""),IF($C64="external_url",$D64,IF(IF($D64<>"",$D64,$E64)<>"",IF($D64<>"",$D64,$E64),""))))) | J64: =IF($A64="","",IF(UPPER($H64)<>"TRUE","Disabled",HYPERLINK("http://127.0.0.1:5173/__dev/asset-source"&"?assetId="&ENCODEURL($A64)&"&sig="&ENCODEURL($B64&"|"&$C64&"|"&$D64&"|"&$E64&"|"&$H64),"Open source"))) | K64: =IF($A64="","",IF(OR(UPPER($H64)<>"TRUE",$I64=""),"Unavailable",HYPERLINK("http://127.0.0.1:5173/__dev/asset-resolved"&"?assetId="&ENCODEURL($A64)&"&sig="&ENCODEURL($B64&"|"&$C64&"|"&$D64&"|"&$E64&"|"&$H64),"Open resolved"))) | M64: =IF($A64="","",HYPERLINK("#'ASSET_PREVIEW'!A64","Open preview")) | N64: =IF($A64="","",IF(UPPER($H64)<>"TRUE","DISABLED",IF($C64="external_url",IF(OR(LEFT(LOWER($D64),7)="http://",LEFT(LOWER($D64),8)="https://"),"READY -> "&$I64,"NEEDS HTTP URL"),IF($C64="import_local",IF($D64="","NEEDS SOURCE FILE",IF($E64="","NEEDS TARGET PATH","READY -> "&$I64)),IF($C64="existing_public",IF(IF($D64<>"",$D64,$E64)<>"","READY -> "&$I64,"NEEDS PUBLIC PATH"),"CHECK MODE")))))
I65: =IF($A65="","",IF(UPPER($H65)<>"TRUE","",IF($C65="import_local",IF($E65<>"",$E65,""),IF($C65="external_url",$D65,IF(IF($D65<>"",$D65,$E65)<>"",IF($D65<>"",$D65,$E65),""))))) | J65: =IF($A65="","",IF(UPPER($H65)<>"TRUE","Disabled",HYPERLINK("http://127.0.0.1:5173/__dev/asset-source"&"?assetId="&ENCODEURL($A65)&"&sig="&ENCODEURL($B65&"|"&$C65&"|"&$D65&"|"&$E65&"|"&$H65),"Open source"))) | K65: =IF($A65="","",IF(OR(UPPER($H65)<>"TRUE",$I65=""),"Unavailable",HYPERLINK("http://127.0.0.1:5173/__dev/asset-resolved"&"?assetId="&ENCODEURL($A65)&"&sig="&ENCODEURL($B65&"|"&$C65&"|"&$D65&"|"&$E65&"|"&$H65),"Open resolved"))) | M65: =IF($A65="","",HYPERLINK("#'ASSET_PREVIEW'!A65","Open preview")) | N65: =IF($A65="","",IF(UPPER($H65)<>"TRUE","DISABLED",IF($C65="external_url",IF(OR(LEFT(LOWER($D65),7)="http://",LEFT(LOWER($D65),8)="https://"),"READY -> "&$I65,"NEEDS HTTP URL"),IF($C65="import_local",IF($D65="","NEEDS SOURCE FILE",IF($E65="","NEEDS TARGET PATH","READY -> "&$I65)),IF($C65="existing_public",IF(IF($D65<>"",$D65,$E65)<>"","READY -> "&$I65,"NEEDS PUBLIC PATH"),"CHECK MODE")))))
I66: =IF($A66="","",IF(UPPER($H66)<>"TRUE","",IF($C66="import_local",IF($E66<>"",$E66,""),IF($C66="external_url",$D66,IF(IF($D66<>"",$D66,$E66)<>"",IF($D66<>"",$D66,$E66),""))))) | J66: =IF($A66="","",IF(UPPER($H66)<>"TRUE","Disabled",HYPERLINK("http://127.0.0.1:5173/__dev/asset-source"&"?assetId="&ENCODEURL($A66)&"&sig="&ENCODEURL($B66&"|"&$C66&"|"&$D66&"|"&$E66&"|"&$H66),"Open source"))) | K66: =IF($A66="","",IF(OR(UPPER($H66)<>"TRUE",$I66=""),"Unavailable",HYPERLINK("http://127.0.0.1:5173/__dev/asset-resolved"&"?assetId="&ENCODEURL($A66)&"&sig="&ENCODEURL($B66&"|"&$C66&"|"&$D66&"|"&$E66&"|"&$H66),"Open resolved"))) | M66: =IF($A66="","",HYPERLINK("#'ASSET_PREVIEW'!A66","Open preview")) | N66: =IF($A66="","",IF(UPPER($H66)<>"TRUE","DISABLED",IF($C66="external_url",IF(OR(LEFT(LOWER($D66),7)="http://",LEFT(LOWER($D66),8)="https://"),"READY -> "&$I66,"NEEDS HTTP URL"),IF($C66="import_local",IF($D66="","NEEDS SOURCE FILE",IF($E66="","NEEDS TARGET PATH","READY -> "&$I66)),IF($C66="existing_public",IF(IF($D66<>"",$D66,$E66)<>"","READY -> "&$I66,"NEEDS PUBLIC PATH"),"CHECK MODE")))))
I67: =IF($A67="","",IF(UPPER($H67)<>"TRUE","",IF($C67="import_local",IF($E67<>"",$E67,""),IF($C67="external_url",$D67,IF(IF($D67<>"",$D67,$E67)<>"",IF($D67<>"",$D67,$E67),""))))) | J67: =IF($A67="","",IF(UPPER($H67)<>"TRUE","Disabled",HYPERLINK("http://127.0.0.1:5173/__dev/asset-source"&"?assetId="&ENCODEURL($A67)&"&sig="&ENCODEURL($B67&"|"&$C67&"|"&$D67&"|"&$E67&"|"&$H67),"Open source"))) | K67: =IF($A67="","",IF(OR(UPPER($H67)<>"TRUE",$I67=""),"Unavailable",HYPERLINK("http://127.0.0.1:5173/__dev/asset-resolved"&"?assetId="&ENCODEURL($A67)&"&sig="&ENCODEURL($B67&"|"&$C67&"|"&$D67&"|"&$E67&"|"&$H67),"Open resolved"))) | M67: =IF($A67="","",HYPERLINK("#'ASSET_PREVIEW'!A67","Open preview")) | N67: =IF($A67="","",IF(UPPER($H67)<>"TRUE","DISABLED",IF($C67="external_url",IF(OR(LEFT(LOWER($D67),7)="http://",LEFT(LOWER($D67),8)="https://"),"READY -> "&$I67,"NEEDS HTTP URL"),IF($C67="import_local",IF($D67="","NEEDS SOURCE FILE",IF($E67="","NEEDS TARGET PATH","READY -> "&$I67)),IF($C67="existing_public",IF(IF($D67<>"",$D67,$E67)<>"","READY -> "&$I67,"NEEDS PUBLIC PATH"),"CHECK MODE")))))
I68: =IF($A68="","",IF(UPPER($H68)<>"TRUE","",IF($C68="import_local",IF($E68<>"",$E68,""),IF($C68="external_url",$D68,IF(IF($D68<>"",$D68,$E68)<>"",IF($D68<>"",$D68,$E68),""))))) | J68: =IF($A68="","",IF(UPPER($H68)<>"TRUE","Disabled",HYPERLINK("http://127.0.0.1:5173/__dev/asset-source"&"?assetId="&ENCODEURL($A68)&"&sig="&ENCODEURL($B68&"|"&$C68&"|"&$D68&"|"&$E68&"|"&$H68),"Open source"))) | K68: =IF($A68="","",IF(OR(UPPER($H68)<>"TRUE",$I68=""),"Unavailable",HYPERLINK("http://127.0.0.1:5173/__dev/asset-resolved"&"?assetId="&ENCODEURL($A68)&"&sig="&ENCODEURL($B68&"|"&$C68&"|"&$D68&"|"&$E68&"|"&$H68),"Open resolved"))) | M68: =IF($A68="","",HYPERLINK("#'ASSET_PREVIEW'!A68","Open preview")) | N68: =IF($A68="","",IF(UPPER($H68)<>"TRUE","DISABLED",IF($C68="external_url",IF(OR(LEFT(LOWER($D68),7)="http://",LEFT(LOWER($D68),8)="https://"),"READY -> "&$I68,"NEEDS HTTP URL"),IF($C68="import_local",IF($D68="","NEEDS SOURCE FILE",IF($E68="","NEEDS TARGET PATH","READY -> "&$I68)),IF($C68="existing_public",IF(IF($D68<>"",$D68,$E68)<>"","READY -> "&$I68,"NEEDS PUBLIC PATH"),"CHECK MODE")))))

Sheet ASSET_PREVIEW
A1: Asset Preview Index
A2: Visual asset browser with cached previews for image, vector, and video-backed media.
A3: PRIMARY EDIT SURFACE | LAST SYNC 2026-10-25 20:55:30 UTC
A4: Back to HOME | B4: Guide | C4: Prev: Assets
A5: Primary editing surface. Keep changes inside the table area and use linked ids to move between related records.
A6: Required | B6: Optional | C6: Generated | D6: Linked
A7: Editable data starts below. Use dropdown cells where present, and CTRL+CLICK linked ids to jump between related sheets.
A8: assetId | B8: kind | C8: preview | D8: resolvedUrl | E8: usedBy | F8: openSource | G8: openResolved
A9: =IF('ASSETS'!$A9="","",HYPERLINK("#'ASSETS'!A9",'ASSETS'!$A9)) -> profile-avatar | B9: =IF('ASSETS'!$A9="","",UPPER('ASSETS'!$B9)) -> IMAGE | C9: =IF('ASSETS'!$A9="","",IMAGE("http://127.0.0.1:5173/__dev/asset-preview"&"?assetId="&ENCODEURL('ASSETS'!$A9)&"&sig="&ENCODEURL('ASSETS'!$B9&"|"&'ASSETS'!$C9&"|"&'ASSETS'!$D9&"|"&'ASSETS'!$E9&"|"&'ASSETS'!$H9),"Preview")) -> Preview | D9: =IF('ASSETS'!$A9="","",'ASSETS'!$I9) -> /assets/alberto.webp | E9: =IF('ASSETS'!$A9="","",'ASSETS'!$L9) | F9: =IF('ASSETS'!$A9="","",IF(UPPER('ASSETS'!$H9)<>"TRUE","Disabled",HYPERLINK("http://127.0.0.1:5173/__dev/asset-source"&"?assetId="&ENCODEURL('ASSETS'!$A9)&"&sig="&ENCODEURL('ASSETS'!$B9&"|"&'ASSETS'!$C9&"|"&'ASSETS'!$D9&"|"&'ASSETS'!$E9&"|"&'ASSETS'!$H9),"Open source"))) -> Open source | G9: =IF('ASSETS'!$A9="","",IF(OR(UPPER('ASSETS'!$H9)<>"TRUE",'ASSETS'!$I9=""),"Unavailable",HYPERLINK("http://127.0.0.1:5173/__dev/asset-resolved"&"?assetId="&ENCODEURL('ASSETS'!$A9)&"&sig="&ENCODEURL('ASSETS'!$B9&"|"&'ASSETS'!$C9&"|"&'ASSETS'!$D9&"|"&'ASSETS'!$E9&"|"&'ASSETS'!$H9),"Open resolved"))) -> Open resolved
A10: =IF('ASSETS'!$A10="","",HYPERLINK("#'ASSETS'!A10",'ASSETS'!$A10)) -> project-1-video | B10: =IF('ASSETS'!$A10="","",UPPER('ASSETS'!$B10)) -> VIDEO | C10: =IF('ASSETS'!$A10="","",IMAGE("http://127.0.0.1:5173/__dev/asset-preview"&"?assetId="&ENCODEURL('ASSETS'!$A10)&"&sig="&ENCODEURL('ASSETS'!$B10&"|"&'ASSETS'!$C10&"|"&'ASSETS'!$D10&"|"&'ASSETS'!$E10&"|"&'ASSETS'!$H10),"Preview")) -> Preview | D10: =IF('ASSETS'!$A10="","",'ASSETS'!$I10) -> /assets/projects/visual-interfaces.mp4 | E10: =IF('ASSETS'!$A10="","",'ASSETS'!$L10) | F10: =IF('ASSETS'!$A10="","",IF(UPPER('ASSETS'!$H10)<>"TRUE","Disabled",HYPERLINK("http://127.0.0.1:5173/__dev/asset-source"&"?assetId="&ENCODEURL('ASSETS'!$A10)&"&sig="&ENCODEURL('ASSETS'!$B10&"|"&'ASSETS'!$C10&"|"&'ASSETS'!$D10&"|"&'ASSETS'!$E10&"|"&'ASSETS'!$H10),"Open source"))) -> Open source | G10: =IF('ASSETS'!$A10="","",IF(OR(UPPER('ASSETS'!$H10)<>"TRUE",'ASSETS'!$I10=""),"Unavailable",HYPERLINK("http://127.0.0.1:5173/__dev/asset-resolved"&"?assetId="&ENCODEURL('ASSETS'!$A10)&"&sig="&ENCODEURL('ASSETS'!$B10&"|"&'ASSETS'!$C10&"|"&'ASSETS'!$D10&"|"&'ASSETS'!$E10&"|"&'ASSETS'!$H10),"Open resolved"))) -> Open resolved
A11: =IF('ASSETS'!$A11="","",HYPERLINK("#'ASSETS'!A11",'ASSETS'!$A11)) -> project-1-thumbnail | B11: =IF('ASSETS'!$A11="","",UPPER('ASSETS'!$B11)) -> IMAGE | C11: =IF('ASSETS'!$A11="","",IMAGE("http://127.0.0.1:5173/__dev/asset-preview"&"?assetId="&ENCODEURL('ASSETS'!$A11)&"&sig="&ENCODEURL('ASSETS'!$B11&"|"&'ASSETS'!$C11&"|"&'ASSETS'!$D11&"|"&'ASSETS'!$E11&"|"&'ASSETS'!$H11),"Preview")) -> Preview | D11: =IF('ASSETS'!$A11="","",'ASSETS'!$I11) -> /assets/projects/visual-interfaces.png | E11: =IF('ASSETS'!$A11="","",'ASSETS'!$L11) | F11: =IF('ASSETS'!$A11="","",IF(UPPER('ASSETS'!$H11)<>"TRUE","Disabled",HYPERLINK("http://127.0.0.1:5173/__dev/asset-source"&"?assetId="&ENCODEURL('ASSETS'!$A11)&"&sig="&ENCODEURL('ASSETS'!$B11&"|"&'ASSETS'!$C11&"|"&'ASSETS'!$D11&"|"&'ASSETS'!$E11&"|"&'ASSETS'!$H11),"Open source"))) -> Open source | G11: =IF('ASSETS'!$A11="","",IF(OR(UPPER('ASSETS'!$H11)<>"TRUE",'ASSETS'!$I11=""),"Unavailable",HYPERLINK("http://127.0.0.1:5173/__dev/asset-resolved"&"?assetId="&ENCODEURL('ASSETS'!$A11)&"&sig="&ENCODEURL('ASSETS'!$B11&"|"&'ASSETS'!$C11&"|"&'ASSETS'!$D11&"|"&'ASSETS'!$E11&"|"&'ASSETS'!$H11),"Open resolved"))) -> Open resolved
A12: =IF('ASSETS'!$A12="","",HYPERLINK("#'ASSETS'!A12",'ASSETS'!$A12)) -> project-1-icon | B12: =IF('ASSETS'!$A12="","",UPPER('ASSETS'!$B12)) -> ICON | C12: =IF('ASSETS'!$A12="","",IMAGE("http://127.0.0.1:5173/__dev/asset-preview"&"?assetId="&ENCODEURL('ASSETS'!$A12)&"&sig="&ENCODEURL('ASSETS'!$B12&"|"&'ASSETS'!$C12&"|"&'ASSETS'!$D12&"|"&'ASSETS'!$E12&"|"&'ASSETS'!$H12),"Preview")) -> Preview | D12: =IF('ASSETS'!$A12="","",'ASSETS'!$I12) -> /assets/projects/unity.webp | E12: =IF('ASSETS'!$A12="","",'ASSETS'!$L12) | F12: =IF('ASSETS'!$A12="","",IF(UPPER('ASSETS'!$H12)<>"TRUE","Disabled",HYPERLINK("http://127.0.0.1:5173/__dev/asset-source"&"?assetId="&ENCODEURL('ASSETS'!$A12)&"&sig="&ENCODEURL('ASSETS'!$B12&"|"&'ASSETS'!$C12&"|"&'ASSETS'!$D12&"|"&'ASSETS'!$E12&"|"&'ASSETS'!$H12),"Open source"))) -> Open source | G12: =IF('ASSETS'!$A12="","",IF(OR(UPPER('ASSETS'!$H12)<>"TRUE",'ASSETS'!$I12=""),"Unavailable",HYPERLINK("http://127.0.0.1:5173/__dev/asset-resolved"&"?assetId="&ENCODEURL('ASSETS'!$A12)&"&sig="&ENCODEURL('ASSETS'!$B12&"|"&'ASSETS'!$C12&"|"&'ASSETS'!$D12&"|"&'ASSETS'!$E12&"|"&'ASSETS'!$H12),"Open resolved"))) -> Open resolved
A13: =IF('ASSETS'!$A13="","",HYPERLINK("#'ASSETS'!A13",'ASSETS'!$A13)) -> project-2-video | B13: =IF('ASSETS'!$A13="","",UPPER('ASSETS'!$B13)) -> VIDEO | C13: =IF('ASSETS'!$A13="","",IMAGE("http://127.0.0.1:5173/__dev/asset-preview"&"?assetId="&ENCODEURL('ASSETS'!$A13)&"&sig="&ENCODEURL('ASSETS'!$B13&"|"&'ASSETS'!$C13&"|"&'ASSETS'!$D13&"|"&'ASSETS'!$E13&"|"&'ASSETS'!$H13),"Preview")) -> Preview | D13: =IF('ASSETS'!$A13="","",'ASSETS'!$I13) -> /assets/projects/zero-touch-ai.mp4 | E13: =IF('ASSETS'!$A13="","",'ASSETS'!$L13) | F13: =IF('ASSETS'!$A13="","",IF(UPPER('ASSETS'!$H13)<>"TRUE","Disabled",HYPERLINK("http://127.0.0.1:5173/__dev/asset-source"&"?assetId="&ENCODEURL('ASSETS'!$A13)&"&sig="&ENCODEURL('ASSETS'!$B13&"|"&'ASSETS'!$C13&"|"&'ASSETS'!$D13&"|"&'ASSETS'!$E13&"|"&'ASSETS'!$H13),"Open source"))) -> Open source | G13: =IF('ASSETS'!$A13="","",IF(OR(UPPER('ASSETS'!$H13)<>"TRUE",'ASSETS'!$I13=""),"Unavailable",HYPERLINK("http://127.0.0.1:5173/__dev/asset-resolved"&"?assetId="&ENCODEURL('ASSETS'!$A13)&"&sig="&ENCODEURL('ASSETS'!$B13&"|"&'ASSETS'!$C13&"|"&'ASSETS'!$D13&"|"&'ASSETS'!$E13&"|"&'ASSETS'!$H13),"Open resolved"))) -> Open resolved
A14: =IF('ASSETS'!$A14="","",HYPERLINK("#'ASSETS'!A14",'ASSETS'!$A14)) -> project-2-thumbnail | B14: =IF('ASSETS'!$A14="","",UPPER('ASSETS'!$B14)) -> IMAGE | C14: =IF('ASSETS'!$A14="","",IMAGE("http://127.0.0.1:5173/__dev/asset-preview"&"?assetId="&ENCODEURL('ASSETS'!$A14)&"&sig="&ENCODEURL('ASSETS'!$B14&"|"&'ASSETS'!$C14&"|"&'ASSETS'!$D14&"|"&'ASSETS'!$E14&"|"&'ASSETS'!$H14),"Preview")) -> Preview | D14: =IF('ASSETS'!$A14="","",'ASSETS'!$I14) -> /assets/projects/zero-touch-ai.png | E14: =IF('ASSETS'!$A14="","",'ASSETS'!$L14) | F14: =IF('ASSETS'!$A14="","",IF(UPPER('ASSETS'!$H14)<>"TRUE","Disabled",HYPERLINK("http://127.0.0.1:5173/__dev/asset-source"&"?assetId="&ENCODEURL('ASSETS'!$A14)&"&sig="&ENCODEURL('ASSETS'!$B14&"|"&'ASSETS'!$C14&"|"&'ASSETS'!$D14&"|"&'ASSETS'!$E14&"|"&'ASSETS'!$H14),"Open source"))) -> Open source | G14: =IF('ASSETS'!$A14="","",IF(OR(UPPER('ASSETS'!$H14)<>"TRUE",'ASSETS'!$I14=""),"Unavailable",HYPERLINK("http://127.0.0.1:5173/__dev/asset-resolved"&"?assetId="&ENCODEURL('ASSETS'!$A14)&"&sig="&ENCODEURL('ASSETS'!$B14&"|"&'ASSETS'!$C14&"|"&'ASSETS'!$D14&"|"&'ASSETS'!$E14&"|"&'ASSETS'!$H14),"Open resolved"))) -> Open resolved
A15: =IF('ASSETS'!$A15="","",HYPERLINK("#'ASSETS'!A15",'ASSETS'!$A15)) -> project-2-icon | B15: =IF('ASSETS'!$A15="","",UPPER('ASSETS'!$B15)) -> ICON | C15: =IF('ASSETS'!$A15="","",IMAGE("http://127.0.0.1:5173/__dev/asset-preview"&"?assetId="&ENCODEURL('ASSETS'!$A15)&"&sig="&ENCODEURL('ASSETS'!$B15&"|"&'ASSETS'!$C15&"|"&'ASSETS'!$D15&"|"&'ASSETS'!$E15&"|"&'ASSETS'!$H15),"Preview")) -> Preview | D15: =IF('ASSETS'!$A15="","",'ASSETS'!$I15) -> /assets/projects/outlook-icon.webp | E15: =IF('ASSETS'!$A15="","",'ASSETS'!$L15) | F15: =IF('ASSETS'!$A15="","",IF(UPPER('ASSETS'!$H15)<>"TRUE","Disabled",HYPERLINK("http://127.0.0.1:5173/__dev/asset-source"&"?assetId="&ENCODEURL('ASSETS'!$A15)&"&sig="&ENCODEURL('ASSETS'!$B15&"|"&'ASSETS'!$C15&"|"&'ASSETS'!$D15&"|"&'ASSETS'!$E15&"|"&'ASSETS'!$H15),"Open source"))) -> Open source | G15: =IF('ASSETS'!$A15="","",IF(OR(UPPER('ASSETS'!$H15)<>"TRUE",'ASSETS'!$I15=""),"Unavailable",HYPERLINK("http://127.0.0.1:5173/__dev/asset-resolved"&"?assetId="&ENCODEURL('ASSETS'!$A15)&"&sig="&ENCODEURL('ASSETS'!$B15&"|"&'ASSETS'!$C15&"|"&'ASSETS'!$D15&"|"&'ASSETS'!$E15&"|"&'ASSETS'!$H15),"Open resolved"))) -> Open resolved
A16: =IF('ASSETS'!$A16="","",HYPERLINK("#'ASSETS'!A16",'ASSETS'!$A16)) -> project-3-video | B16: =IF('ASSETS'!$A16="","",UPPER('ASSETS'!$B16)) -> VIDEO | C16: =IF('ASSETS'!$A16="","",IMAGE("http://127.0.0.1:5173/__dev/asset-preview"&"?assetId="&ENCODEURL('ASSETS'!$A16)&"&sig="&ENCODEURL('ASSETS'!$B16&"|"&'ASSETS'!$C16&"|"&'ASSETS'!$D16&"|"&'ASSETS'!$E16&"|"&'ASSETS'!$H16),"Preview")) -> Preview | D16: =IF('ASSETS'!$A16="","",'ASSETS'!$I16) -> /assets/projects/padel-booking.mp4 | E16: =IF('ASSETS'!$A16="","",'ASSETS'!$L16) | F16: =IF('ASSETS'!$A16="","",IF(UPPER('ASSETS'!$H16)<>"TRUE","Disabled",HYPERLINK("http://127.0.0.1:5173/__dev/asset-source"&"?assetId="&ENCODEURL('ASSETS'!$A16)&"&sig="&ENCODEURL('ASSETS'!$B16&"|"&'ASSETS'!$C16&"|"&'ASSETS'!$D16&"|"&'ASSETS'!$E16&"|"&'ASSETS'!$H16),"Open source"))) -> Open source | G16: =IF('ASSETS'!$A16="","",IF(OR(UPPER('ASSETS'!$H16)<>"TRUE",'ASSETS'!$I16=""),"Unavailable",HYPERLINK("http://127.0.0.1:5173/__dev/asset-resolved"&"?assetId="&ENCODEURL('ASSETS'!$A16)&"&sig="&ENCODEURL('ASSETS'!$B16&"|"&'ASSETS'!$C16&"|"&'ASSETS'!$D16&"|"&'ASSETS'!$E16&"|"&'ASSETS'!$H16),"Open resolved"))) -> Open resolved
A17: =IF('ASSETS'!$A17="","",HYPERLINK("#'ASSETS'!A17",'ASSETS'!$A17)) -> project-3-thumbnail | B17: =IF('ASSETS'!$A17="","",UPPER('ASSETS'!$B17)) -> IMAGE | C17: =IF('ASSETS'!$A17="","",IMAGE("http://127.0.0.1:5173/__dev/asset-preview"&"?assetId="&ENCODEURL('ASSETS'!$A17)&"&sig="&ENCODEURL('ASSETS'!$B17&"|"&'ASSETS'!$C17&"|"&'ASSETS'!$D17&"|"&'ASSETS'!$E17&"|"&'ASSETS'!$H17),"Preview")) -> Preview | D17: =IF('ASSETS'!$A17="","",'ASSETS'!$I17) -> /assets/projects/padel-booking.png | E17: =IF('ASSETS'!$A17="","",'ASSETS'!$L17) | F17: =IF('ASSETS'!$A17="","",IF(UPPER('ASSETS'!$H17)<>"TRUE","Disabled",HYPERLINK("http://127.0.0.1:5173/__dev/asset-source"&"?assetId="&ENCODEURL('ASSETS'!$A17)&"&sig="&ENCODEURL('ASSETS'!$B17&"|"&'ASSETS'!$C17&"|"&'ASSETS'!$D17&"|"&'ASSETS'!$E17&"|"&'ASSETS'!$H17),"Open source"))) -> Open source | G17: =IF('ASSETS'!$A17="","",IF(OR(UPPER('ASSETS'!$H17)<>"TRUE",'ASSETS'!$I17=""),"Unavailable",HYPERLINK("http://127.0.0.1:5173/__dev/asset-resolved"&"?assetId="&ENCODEURL('ASSETS'!$A17)&"&sig="&ENCODEURL('ASSETS'!$B17&"|"&'ASSETS'!$C17&"|"&'ASSETS'!$D17&"|"&'ASSETS'!$E17&"|"&'ASSETS'!$H17),"Open resolved"))) -> Open resolved
A18: =IF('ASSETS'!$A18="","",HYPERLINK("#'ASSETS'!A18",'ASSETS'!$A18)) -> project-3-icon | B18: =IF('ASSETS'!$A18="","",UPPER('ASSETS'!$B18)) -> ICON | C18: =IF('ASSETS'!$A18="","",IMAGE("http://127.0.0.1:5173/__dev/asset-preview"&"?assetId="&ENCODEURL('ASSETS'!$A18)&"&sig="&ENCODEURL('ASSETS'!$B18&"|"&'ASSETS'!$C18&"|"&'ASSETS'!$D18&"|"&'ASSETS'!$E18&"|"&'ASSETS'!$H18),"Preview")) -> Preview | D18: =IF('ASSETS'!$A18="","",'ASSETS'!$I18) -> /assets/projects/padel-booking-logo.png | E18: =IF('ASSETS'!$A18="","",'ASSETS'!$L18) | F18: =IF('ASSETS'!$A18="","",IF(UPPER('ASSETS'!$H18)<>"TRUE","Disabled",HYPERLINK("http://127.0.0.1:5173/__dev/asset-source"&"?assetId="&ENCODEURL('ASSETS'!$A18)&"&sig="&ENCODEURL('ASSETS'!$B18&"|"&'ASSETS'!$C18&"|"&'ASSETS'!$D18&"|"&'ASSETS'!$E18&"|"&'ASSETS'!$H18),"Open source"))) -> Open source | G18: =IF('ASSETS'!$A18="","",IF(OR(UPPER('ASSETS'!$H18)<>"TRUE",'ASSETS'!$I18=""),"Unavailable",HYPERLINK("http://127.0.0.1:5173/__dev/asset-resolved"&"?assetId="&ENCODEURL('ASSETS'!$A18)&"&sig="&ENCODEURL('ASSETS'!$B18&"|"&'ASSETS'!$C18&"|"&'ASSETS'!$D18&"|"&'ASSETS'!$E18&"|"&'ASSETS'!$H18),"Open resolved"))) -> Open resolved
A19: =IF('ASSETS'!$A19="","",HYPERLINK("#'ASSETS'!A19",'ASSETS'!$A19)) -> project-4-video | B19: =IF('ASSETS'!$A19="","",UPPER('ASSETS'!$B19)) -> VIDEO | C19: =IF('ASSETS'!$A19="","",IMAGE("http://127.0.0.1:5173/__dev/asset-preview"&"?assetId="&ENCODEURL('ASSETS'!$A19)&"&sig="&ENCODEURL('ASSETS'!$B19&"|"&'ASSETS'!$C19&"|"&'ASSETS'!$D19&"|"&'ASSETS'!$E19&"|"&'ASSETS'!$H19),"Preview")) -> Preview | D19: =IF('ASSETS'!$A19="","",'ASSETS'!$I19) -> /assets/projects/twitch-live.mp4 | E19: =IF('ASSETS'!$A19="","",'ASSETS'!$L19) | F19: =IF('ASSETS'!$A19="","",IF(UPPER('ASSETS'!$H19)<>"TRUE","Disabled",HYPERLINK("http://127.0.0.1:5173/__dev/asset-source"&"?assetId="&ENCODEURL('ASSETS'!$A19)&"&sig="&ENCODEURL('ASSETS'!$B19&"|"&'ASSETS'!$C19&"|"&'ASSETS'!$D19&"|"&'ASSETS'!$E19&"|"&'ASSETS'!$H19),"Open source"))) -> Open source | G19: =IF('ASSETS'!$A19="","",IF(OR(UPPER('ASSETS'!$H19)<>"TRUE",'ASSETS'!$I19=""),"Unavailable",HYPERLINK("http://127.0.0.1:5173/__dev/asset-resolved"&"?assetId="&ENCODEURL('ASSETS'!$A19)&"&sig="&ENCODEURL('ASSETS'!$B19&"|"&'ASSETS'!$C19&"|"&'ASSETS'!$D19&"|"&'ASSETS'!$E19&"|"&'ASSETS'!$H19),"Open resolved"))) -> Open resolved
A20: =IF('ASSETS'!$A20="","",HYPERLINK("#'ASSETS'!A20",'ASSETS'!$A20)) -> project-4-thumbnail | B20: =IF('ASSETS'!$A20="","",UPPER('ASSETS'!$B20)) -> IMAGE | C20: =IF('ASSETS'!$A20="","",IMAGE("http://127.0.0.1:5173/__dev/asset-preview"&"?assetId="&ENCODEURL('ASSETS'!$A20)&"&sig="&ENCODEURL('ASSETS'!$B20&"|"&'ASSETS'!$C20&"|"&'ASSETS'!$D20&"|"&'ASSETS'!$E20&"|"&'ASSETS'!$H20),"Preview")) -> Preview | D20: =IF('ASSETS'!$A20="","",'ASSETS'!$I20) -> /assets/projects/twitch-live.png | E20: =IF('ASSETS'!$A20="","",'ASSETS'!$L20) | F20: =IF('ASSETS'!$A20="","",IF(UPPER('ASSETS'!$H20)<>"TRUE","Disabled",HYPERLINK("http://127.0.0.1:5173/__dev/asset-source"&"?assetId="&ENCODEURL('ASSETS'!$A20)&"&sig="&ENCODEURL('ASSETS'!$B20&"|"&'ASSETS'!$C20&"|"&'ASSETS'!$D20&"|"&'ASSETS'!$E20&"|"&'ASSETS'!$H20),"Open source"))) -> Open source | G20: =IF('ASSETS'!$A20="","",IF(OR(UPPER('ASSETS'!$H20)<>"TRUE",'ASSETS'!$I20=""),"Unavailable",HYPERLINK("http://127.0.0.1:5173/__dev/asset-resolved"&"?assetId="&ENCODEURL('ASSETS'!$A20)&"&sig="&ENCODEURL('ASSETS'!$B20&"|"&'ASSETS'!$C20&"|"&'ASSETS'!$D20&"|"&'ASSETS'!$E20&"|"&'ASSETS'!$H20),"Open resolved"))) -> Open resolved
A21: =IF('ASSETS'!$A21="","",HYPERLINK("#'ASSETS'!A21",'ASSETS'!$A21)) -> project-4-icon | B21: =IF('ASSETS'!$A21="","",UPPER('ASSETS'!$B21)) -> ICON | C21: =IF('ASSETS'!$A21="","",IMAGE("http://127.0.0.1:5173/__dev/asset-preview"&"?assetId="&ENCODEURL('ASSETS'!$A21)&"&sig="&ENCODEURL('ASSETS'!$B21&"|"&'ASSETS'!$C21&"|"&'ASSETS'!$D21&"|"&'ASSETS'!$E21&"|"&'ASSETS'!$H21),"Preview")) -> Preview | D21: =IF('ASSETS'!$A21="","",'ASSETS'!$I21) -> /assets/projects/twitch-icon.webp | E21: =IF('ASSETS'!$A21="","",'ASSETS'!$L21) | F21: =IF('ASSETS'!$A21="","",IF(UPPER('ASSETS'!$H21)<>"TRUE","Disabled",HYPERLINK("http://127.0.0.1:5173/__dev/asset-source"&"?assetId="&ENCODEURL('ASSETS'!$A21)&"&sig="&ENCODEURL('ASSETS'!$B21&"|"&'ASSETS'!$C21&"|"&'ASSETS'!$D21&"|"&'ASSETS'!$E21&"|"&'ASSETS'!$H21),"Open source"))) -> Open source | G21: =IF('ASSETS'!$A21="","",IF(OR(UPPER('ASSETS'!$H21)<>"TRUE",'ASSETS'!$I21=""),"Unavailable",HYPERLINK("http://127.0.0.1:5173/__dev/asset-resolved"&"?assetId="&ENCODEURL('ASSETS'!$A21)&"&sig="&ENCODEURL('ASSETS'!$B21&"|"&'ASSETS'!$C21&"|"&'ASSETS'!$D21&"|"&'ASSETS'!$E21&"|"&'ASSETS'!$H21),"Open resolved"))) -> Open resolved
A22: =IF('ASSETS'!$A22="","",HYPERLINK("#'ASSETS'!A22",'ASSETS'!$A22)) -> project-5-video | B22: =IF('ASSETS'!$A22="","",UPPER('ASSETS'!$B22)) -> VIDEO | C22: =IF('ASSETS'!$A22="","",IMAGE("http://127.0.0.1:5173/__dev/asset-preview"&"?assetId="&ENCODEURL('ASSETS'!$A22)&"&sig="&ENCODEURL('ASSETS'!$B22&"|"&'ASSETS'!$C22&"|"&'ASSETS'!$D22&"|"&'ASSETS'!$E22&"|"&'ASSETS'!$H22),"Preview")) -> Preview | D22: =IF('ASSETS'!$A22="","",'ASSETS'!$I22) -> /assets/projects/usb-extraction.mp4 | E22: =IF('ASSETS'!$A22="","",'ASSETS'!$L22) | F22: =IF('ASSETS'!$A22="","",IF(UPPER('ASSETS'!$H22)<>"TRUE","Disabled",HYPERLINK("http://127.0.0.1:5173/__dev/asset-source"&"?assetId="&ENCODEURL('ASSETS'!$A22)&"&sig="&ENCODEURL('ASSETS'!$B22&"|"&'ASSETS'!$C22&"|"&'ASSETS'!$D22&"|"&'ASSETS'!$E22&"|"&'ASSETS'!$H22),"Open source"))) -> Open source | G22: =IF('ASSETS'!$A22="","",IF(OR(UPPER('ASSETS'!$H22)<>"TRUE",'ASSETS'!$I22=""),"Unavailable",HYPERLINK("http://127.0.0.1:5173/__dev/asset-resolved"&"?assetId="&ENCODEURL('ASSETS'!$A22)&"&sig="&ENCODEURL('ASSETS'!$B22&"|"&'ASSETS'!$C22&"|"&'ASSETS'!$D22&"|"&'ASSETS'!$E22&"|"&'ASSETS'!$H22),"Open resolved"))) -> Open resolved
A23: =IF('ASSETS'!$A23="","",HYPERLINK("#'ASSETS'!A23",'ASSETS'!$A23)) -> project-5-thumbnail | B23: =IF('ASSETS'!$A23="","",UPPER('ASSETS'!$B23)) -> IMAGE | C23: =IF('ASSETS'!$A23="","",IMAGE("http://127.0.0.1:5173/__dev/asset-preview"&"?assetId="&ENCODEURL('ASSETS'!$A23)&"&sig="&ENCODEURL('ASSETS'!$B23&"|"&'ASSETS'!$C23&"|"&'ASSETS'!$D23&"|"&'ASSETS'!$E23&"|"&'ASSETS'!$H23),"Preview")) -> Preview | D23: =IF('ASSETS'!$A23="","",'ASSETS'!$I23) -> /assets/projects/usb-extraction.png | E23: =IF('ASSETS'!$A23="","",'ASSETS'!$L23) | F23: =IF('ASSETS'!$A23="","",IF(UPPER('ASSETS'!$H23)<>"TRUE","Disabled",HYPERLINK("http://127.0.0.1:5173/__dev/asset-source"&"?assetId="&ENCODEURL('ASSETS'!$A23)&"&sig="&ENCODEURL('ASSETS'!$B23&"|"&'ASSETS'!$C23&"|"&'ASSETS'!$D23&"|"&'ASSETS'!$E23&"|"&'ASSETS'!$H23),"Open source"))) -> Open source | G23: =IF('ASSETS'!$A23="","",IF(OR(UPPER('ASSETS'!$H23)<>"TRUE",'ASSETS'!$I23=""),"Unavailable",HYPERLINK("http://127.0.0.1:5173/__dev/asset-resolved"&"?assetId="&ENCODEURL('ASSETS'!$A23)&"&sig="&ENCODEURL('ASSETS'!$B23&"|"&'ASSETS'!$C23&"|"&'ASSETS'!$D23&"|"&'ASSETS'!$E23&"|"&'ASSETS'!$H23),"Open resolved"))) -> Open resolved
A24: =IF('ASSETS'!$A24="","",HYPERLINK("#'ASSETS'!A24",'ASSETS'!$A24)) -> project-5-icon | B24: =IF('ASSETS'!$A24="","",UPPER('ASSETS'!$B24)) -> ICON | C24: =IF('ASSETS'!$A24="","",IMAGE("http://127.0.0.1:5173/__dev/asset-preview"&"?assetId="&ENCODEURL('ASSETS'!$A24)&"&sig="&ENCODEURL('ASSETS'!$B24&"|"&'ASSETS'!$C24&"|"&'ASSETS'!$D24&"|"&'ASSETS'!$E24&"|"&'ASSETS'!$H24),"Preview")) -> Preview | D24: =IF('ASSETS'!$A24="","",'ASSETS'!$I24) -> /assets/projects/terminal.ico | E24: =IF('ASSETS'!$A24="","",'ASSETS'!$L24) | F24: =IF('ASSETS'!$A24="","",IF(UPPER('ASSETS'!$H24)<>"TRUE","Disabled",HYPERLINK("http://127.0.0.1:5173/__dev/asset-source"&"?assetId="&ENCODEURL('ASSETS'!$A24)&"&sig="&ENCODEURL('ASSETS'!$B24&"|"&'ASSETS'!$C24&"|"&'ASSETS'!$D24&"|"&'ASSETS'!$E24&"|"&'ASSETS'!$H24),"Open source"))) -> Open source | G24: =IF('ASSETS'!$A24="","",IF(OR(UPPER('ASSETS'!$H24)<>"TRUE",'ASSETS'!$I24=""),"Unavailable",HYPERLINK("http://127.0.0.1:5173/__dev/asset-resolved"&"?assetId="&ENCODEURL('ASSETS'!$A24)&"&sig="&ENCODEURL('ASSETS'!$B24&"|"&'ASSETS'!$C24&"|"&'ASSETS'!$D24&"|"&'ASSETS'!$E24&"|"&'ASSETS'!$H24),"Open resolved"))) -> Open resolved
A25: =IF('ASSETS'!$A25="","",HYPERLINK("#'ASSETS'!A25",'ASSETS'!$A25)) -> testimonial-client3 | B25: =IF('ASSETS'!$A25="","",UPPER('ASSETS'!$B25)) -> IMAGE | C25: =IF('ASSETS'!$A25="","",IMAGE("http://127.0.0.1:5173/__dev/asset-preview"&"?assetId="&ENCODEURL('ASSETS'!$A25)&"&sig="&ENCODEURL('ASSETS'!$B25&"|"&'ASSETS'!$C25&"|"&'ASSETS'!$D25&"|"&'ASSETS'!$E25&"|"&'ASSETS'!$H25),"Preview")) -> Preview | D25: =IF('ASSETS'!$A25="","",'ASSETS'!$I25) -> /assets/testimonials/client3.png | E25: =IF('ASSETS'!$A25="","",'ASSETS'!$L25) | F25: =IF('ASSETS'!$A25="","",IF(UPPER('ASSETS'!$H25)<>"TRUE","Disabled",HYPERLINK("http://127.0.0.1:5173/__dev/asset-source"&"?assetId="&ENCODEURL('ASSETS'!$A25)&"&sig="&ENCODEURL('ASSETS'!$B25&"|"&'ASSETS'!$C25&"|"&'ASSETS'!$D25&"|"&'ASSETS'!$E25&"|"&'ASSETS'!$H25),"Open source"))) -> Open source | G25: =IF('ASSETS'!$A25="","",IF(OR(UPPER('ASSETS'!$H25)<>"TRUE",'ASSETS'!$I25=""),"Unavailable",HYPERLINK("http://127.0.0.1:5173/__dev/asset-resolved"&"?assetId="&ENCODEURL('ASSETS'!$A25)&"&sig="&ENCODEURL('ASSETS'!$B25&"|"&'ASSETS'!$C25&"|"&'ASSETS'!$D25&"|"&'ASSETS'!$E25&"|"&'ASSETS'!$H25),"Open resolved"))) -> Open resolved
A26: =IF('ASSETS'!$A26="","",HYPERLINK("#'ASSETS'!A26",'ASSETS'!$A26)) -> testimonial-client2 | B26: =IF('ASSETS'!$A26="","",UPPER('ASSETS'!$B26)) -> IMAGE | C26: =IF('ASSETS'!$A26="","",IMAGE("http://127.0.0.1:5173/__dev/asset-preview"&"?assetId="&ENCODEURL('ASSETS'!$A26)&"&sig="&ENCODEURL('ASSETS'!$B26&"|"&'ASSETS'!$C26&"|"&'ASSETS'!$D26&"|"&'ASSETS'!$E26&"|"&'ASSETS'!$H26),"Preview")) -> Preview | D26: =IF('ASSETS'!$A26="","",'ASSETS'!$I26) -> /assets/testimonials/client2.png | E26: =IF('ASSETS'!$A26="","",'ASSETS'!$L26) | F26: =IF('ASSETS'!$A26="","",IF(UPPER('ASSETS'!$H26)<>"TRUE","Disabled",HYPERLINK("http://127.0.0.1:5173/__dev/asset-source"&"?assetId="&ENCODEURL('ASSETS'!$A26)&"&sig="&ENCODEURL('ASSETS'!$B26&"|"&'ASSETS'!$C26&"|"&'ASSETS'!$D26&"|"&'ASSETS'!$E26&"|"&'ASSETS'!$H26),"Open source"))) -> Open source | G26: =IF('ASSETS'!$A26="","",IF(OR(UPPER('ASSETS'!$H26)<>"TRUE",'ASSETS'!$I26=""),"Unavailable",HYPERLINK("http://127.0.0.1:5173/__dev/asset-resolved"&"?assetId="&ENCODEURL('ASSETS'!$A26)&"&sig="&ENCODEURL('ASSETS'!$B26&"|"&'ASSETS'!$C26&"|"&'ASSETS'!$D26&"|"&'ASSETS'!$E26&"|"&'ASSETS'!$H26),"Open resolved"))) -> Open resolved
A27: =IF('ASSETS'!$A27="","",HYPERLINK("#'ASSETS'!A27",'ASSETS'!$A27)) -> testimonial-client1 | B27: =IF('ASSETS'!$A27="","",UPPER('ASSETS'!$B27)) -> IMAGE | C27: =IF('ASSETS'!$A27="","",IMAGE("http://127.0.0.1:5173/__dev/asset-preview"&"?assetId="&ENCODEURL('ASSETS'!$A27)&"&sig="&ENCODEURL('ASSETS'!$B27&"|"&'ASSETS'!$C27&"|"&'ASSETS'!$D27&"|"&'ASSETS'!$E27&"|"&'ASSETS'!$H27),"Preview")) -> Preview | D27: =IF('ASSETS'!$A27="","",'ASSETS'!$I27) -> /assets/testimonials/client1.png | E27: =IF('ASSETS'!$A27="","",'ASSETS'!$L27) | F27: =IF('ASSETS'!$A27="","",IF(UPPER('ASSETS'!$H27)<>"TRUE","Disabled",HYPERLINK("http://127.0.0.1:5173/__dev/asset-source"&"?assetId="&ENCODEURL('ASSETS'!$A27)&"&sig="&ENCODEURL('ASSETS'!$B27&"|"&'ASSETS'!$C27&"|"&'ASSETS'!$D27&"|"&'ASSETS'!$E27&"|"&'ASSETS'!$H27),"Open source"))) -> Open source | G27: =IF('ASSETS'!$A27="","",IF(OR(UPPER('ASSETS'!$H27)<>"TRUE",'ASSETS'!$I27=""),"Unavailable",HYPERLINK("http://127.0.0.1:5173/__dev/asset-resolved"&"?assetId="&ENCODEURL('ASSETS'!$A27)&"&sig="&ENCODEURL('ASSETS'!$B27&"|"&'ASSETS'!$C27&"|"&'ASSETS'!$D27&"|"&'ASSETS'!$E27&"|"&'ASSETS'!$H27),"Open resolved"))) -> Open resolved
A28: =IF('ASSETS'!$A28="","",HYPERLINK("#'ASSETS'!A28",'ASSETS'!$A28)) -> testimonial-client4 | B28: =IF('ASSETS'!$A28="","",UPPER('ASSETS'!$B28)) -> IMAGE | C28: =IF('ASSETS'!$A28="","",IMAGE("http://127.0.0.1:5173/__dev/asset-preview"&"?assetId="&ENCODEURL('ASSETS'!$A28)&"&sig="&ENCODEURL('ASSETS'!$B28&"|"&'ASSETS'!$C28&"|"&'ASSETS'!$D28&"|"&'ASSETS'!$E28&"|"&'ASSETS'!$H28),"Preview")) -> Preview | D28: =IF('ASSETS'!$A28="","",'ASSETS'!$I28) -> /assets/testimonials/client4.png | E28: =IF('ASSETS'!$A28="","",'ASSETS'!$L28) | F28: =IF('ASSETS'!$A28="","",IF(UPPER('ASSETS'!$H28)<>"TRUE","Disabled",HYPERLINK("http://127.0.0.1:5173/__dev/asset-source"&"?assetId="&ENCODEURL('ASSETS'!$A28)&"&sig="&ENCODEURL('ASSETS'!$B28&"|"&'ASSETS'!$C28&"|"&'ASSETS'!$D28&"|"&'ASSETS'!$E28&"|"&'ASSETS'!$H28),"Open source"))) -> Open source | G28: =IF('ASSETS'!$A28="","",IF(OR(UPPER('ASSETS'!$H28)<>"TRUE",'ASSETS'!$I28=""),"Unavailable",HYPERLINK("http://127.0.0.1:5173/__dev/asset-resolved"&"?assetId="&ENCODEURL('ASSETS'!$A28)&"&sig="&ENCODEURL('ASSETS'!$B28&"|"&'ASSETS'!$C28&"|"&'ASSETS'!$D28&"|"&'ASSETS'!$E28&"|"&'ASSETS'!$H28),"Open resolved"))) -> Open resolved
A29: =IF('ASSETS'!$A29="","",HYPERLINK("#'ASSETS'!A29",'ASSETS'!$A29)) -> testimonial-client5 | B29: =IF('ASSETS'!$A29="","",UPPER('ASSETS'!$B29)) -> IMAGE | C29: =IF('ASSETS'!$A29="","",IMAGE("http://127.0.0.1:5173/__dev/asset-preview"&"?assetId="&ENCODEURL('ASSETS'!$A29)&"&sig="&ENCODEURL('ASSETS'!$B29&"|"&'ASSETS'!$C29&"|"&'ASSETS'!$D29&"|"&'ASSETS'!$E29&"|"&'ASSETS'!$H29),"Preview")) -> Preview | D29: =IF('ASSETS'!$A29="","",'ASSETS'!$I29) -> /assets/testimonials/client5.jpg | E29: =IF('ASSETS'!$A29="","",'ASSETS'!$L29) | F29: =IF('ASSETS'!$A29="","",IF(UPPER('ASSETS'!$H29)<>"TRUE","Disabled",HYPERLINK("http://127.0.0.1:5173/__dev/asset-source"&"?assetId="&ENCODEURL('ASSETS'!$A29)&"&sig="&ENCODEURL('ASSETS'!$B29&"|"&'ASSETS'!$C29&"|"&'ASSETS'!$D29&"|"&'ASSETS'!$E29&"|"&'ASSETS'!$H29),"Open source"))) -> Open source | G29: =IF('ASSETS'!$A29="","",IF(OR(UPPER('ASSETS'!$H29)<>"TRUE",'ASSETS'!$I29=""),"Unavailable",HYPERLINK("http://127.0.0.1:5173/__dev/asset-resolved"&"?assetId="&ENCODEURL('ASSETS'!$A29)&"&sig="&ENCODEURL('ASSETS'!$B29&"|"&'ASSETS'!$C29&"|"&'ASSETS'!$D29&"|"&'ASSETS'!$E29&"|"&'ASSETS'!$H29),"Open resolved"))) -> Open resolved
A30: =IF('ASSETS'!$A30="","",HYPERLINK("#'ASSETS'!A30",'ASSETS'!$A30)) -> testimonial-client6 | B30: =IF('ASSETS'!$A30="","",UPPER('ASSETS'!$B30)) -> IMAGE | C30: =IF('ASSETS'!$A30="","",IMAGE("http://127.0.0.1:5173/__dev/asset-preview"&"?assetId="&ENCODEURL('ASSETS'!$A30)&"&sig="&ENCODEURL('ASSETS'!$B30&"|"&'ASSETS'!$C30&"|"&'ASSETS'!$D30&"|"&'ASSETS'!$E30&"|"&'ASSETS'!$H30),"Preview")) -> Preview | D30: =IF('ASSETS'!$A30="","",'ASSETS'!$I30) -> /assets/testimonials/client6.jpg | E30: =IF('ASSETS'!$A30="","",'ASSETS'!$L30) | F30: =IF('ASSETS'!$A30="","",IF(UPPER('ASSETS'!$H30)<>"TRUE","Disabled",HYPERLINK("http://127.0.0.1:5173/__dev/asset-source"&"?assetId="&ENCODEURL('ASSETS'!$A30)&"&sig="&ENCODEURL('ASSETS'!$B30&"|"&'ASSETS'!$C30&"|"&'ASSETS'!$D30&"|"&'ASSETS'!$E30&"|"&'ASSETS'!$H30),"Open source"))) -> Open source | G30: =IF('ASSETS'!$A30="","",IF(OR(UPPER('ASSETS'!$H30)<>"TRUE",'ASSETS'!$I30=""),"Unavailable",HYPERLINK("http://127.0.0.1:5173/__dev/asset-resolved"&"?assetId="&ENCODEURL('ASSETS'!$A30)&"&sig="&ENCODEURL('ASSETS'!$B30&"|"&'ASSETS'!$C30&"|"&'ASSETS'!$D30&"|"&'ASSETS'!$E30&"|"&'ASSETS'!$H30),"Open resolved"))) -> Open resolved
A31: =IF('ASSETS'!$A31="","",HYPERLINK("#'ASSETS'!A31",'ASSETS'!$A31)) -> testimonial-client7 | B31: =IF('ASSETS'!$A31="","",UPPER('ASSETS'!$B31)) -> IMAGE | C31: =IF('ASSETS'!$A31="","",IMAGE("http://127.0.0.1:5173/__dev/asset-preview"&"?assetId="&ENCODEURL('ASSETS'!$A31)&"&sig="&ENCODEURL('ASSETS'!$B31&"|"&'ASSETS'!$C31&"|"&'ASSETS'!$D31&"|"&'ASSETS'!$E31&"|"&'ASSETS'!$H31),"Preview")) -> Preview | D31: =IF('ASSETS'!$A31="","",'ASSETS'!$I31) -> /assets/testimonials/client7.jpg | E31: =IF('ASSETS'!$A31="","",'ASSETS'!$L31) | F31: =IF('ASSETS'!$A31="","",IF(UPPER('ASSETS'!$H31)<>"TRUE","Disabled",HYPERLINK("http://127.0.0.1:5173/__dev/asset-source"&"?assetId="&ENCODEURL('ASSETS'!$A31)&"&sig="&ENCODEURL('ASSETS'!$B31&"|"&'ASSETS'!$C31&"|"&'ASSETS'!$D31&"|"&'ASSETS'!$E31&"|"&'ASSETS'!$H31),"Open source"))) -> Open source | G31: =IF('ASSETS'!$A31="","",IF(OR(UPPER('ASSETS'!$H31)<>"TRUE",'ASSETS'!$I31=""),"Unavailable",HYPERLINK("http://127.0.0.1:5173/__dev/asset-resolved"&"?assetId="&ENCODEURL('ASSETS'!$A31)&"&sig="&ENCODEURL('ASSETS'!$B31&"|"&'ASSETS'!$C31&"|"&'ASSETS'!$D31&"|"&'ASSETS'!$E31&"|"&'ASSETS'!$H31),"Open resolved"))) -> Open resolved
A32: =IF('ASSETS'!$A32="","",HYPERLINK("#'ASSETS'!A32",'ASSETS'!$A32)) -> testimonial-client8 | B32: =IF('ASSETS'!$A32="","",UPPER('ASSETS'!$B32)) -> IMAGE | C32: =IF('ASSETS'!$A32="","",IMAGE("http://127.0.0.1:5173/__dev/asset-preview"&"?assetId="&ENCODEURL('ASSETS'!$A32)&"&sig="&ENCODEURL('ASSETS'!$B32&"|"&'ASSETS'!$C32&"|"&'ASSETS'!$D32&"|"&'ASSETS'!$E32&"|"&'ASSETS'!$H32),"Preview")) -> Preview | D32: =IF('ASSETS'!$A32="","",'ASSETS'!$I32) -> /assets/testimonials/client8.jpg | E32: =IF('ASSETS'!$A32="","",'ASSETS'!$L32) | F32: =IF('ASSETS'!$A32="","",IF(UPPER('ASSETS'!$H32)<>"TRUE","Disabled",HYPERLINK("http://127.0.0.1:5173/__dev/asset-source"&"?assetId="&ENCODEURL('ASSETS'!$A32)&"&sig="&ENCODEURL('ASSETS'!$B32&"|"&'ASSETS'!$C32&"|"&'ASSETS'!$D32&"|"&'ASSETS'!$E32&"|"&'ASSETS'!$H32),"Open source"))) -> Open source | G32: =IF('ASSETS'!$A32="","",IF(OR(UPPER('ASSETS'!$H32)<>"TRUE",'ASSETS'!$I32=""),"Unavailable",HYPERLINK("http://127.0.0.1:5173/__dev/asset-resolved"&"?assetId="&ENCODEURL('ASSETS'!$A32)&"&sig="&ENCODEURL('ASSETS'!$B32&"|"&'ASSETS'!$C32&"|"&'ASSETS'!$D32&"|"&'ASSETS'!$E32&"|"&'ASSETS'!$H32),"Open resolved"))) -> Open resolved
A33: =IF('ASSETS'!$A33="","",HYPERLINK("#'ASSETS'!A33",'ASSETS'!$A33)) -> testimonial-client9 | B33: =IF('ASSETS'!$A33="","",UPPER('ASSETS'!$B33)) -> IMAGE | C33: =IF('ASSETS'!$A33="","",IMAGE("http://127.0.0.1:5173/__dev/asset-preview"&"?assetId="&ENCODEURL('ASSETS'!$A33)&"&sig="&ENCODEURL('ASSETS'!$B33&"|"&'ASSETS'!$C33&"|"&'ASSETS'!$D33&"|"&'ASSETS'!$E33&"|"&'ASSETS'!$H33),"Preview")) -> Preview | D33: =IF('ASSETS'!$A33="","",'ASSETS'!$I33) -> /assets/testimonials/client9.jpg | E33: =IF('ASSETS'!$A33="","",'ASSETS'!$L33) | F33: =IF('ASSETS'!$A33="","",IF(UPPER('ASSETS'!$H33)<>"TRUE","Disabled",HYPERLINK("http://127.0.0.1:5173/__dev/asset-source"&"?assetId="&ENCODEURL('ASSETS'!$A33)&"&sig="&ENCODEURL('ASSETS'!$B33&"|"&'ASSETS'!$C33&"|"&'ASSETS'!$D33&"|"&'ASSETS'!$E33&"|"&'ASSETS'!$H33),"Open source"))) -> Open source | G33: =IF('ASSETS'!$A33="","",IF(OR(UPPER('ASSETS'!$H33)<>"TRUE",'ASSETS'!$I33=""),"Unavailable",HYPERLINK("http://127.0.0.1:5173/__dev/asset-resolved"&"?assetId="&ENCODEURL('ASSETS'!$A33)&"&sig="&ENCODEURL('ASSETS'!$B33&"|"&'ASSETS'!$C33&"|"&'ASSETS'!$D33&"|"&'ASSETS'!$E33&"|"&'ASSETS'!$H33),"Open resolved"))) -> Open resolved
A34: =IF('ASSETS'!$A34="","",HYPERLINK("#'ASSETS'!A34",'ASSETS'!$A34)) -> testimonial-client10 | B34: =IF('ASSETS'!$A34="","",UPPER('ASSETS'!$B34)) -> IMAGE | C34: =IF('ASSETS'!$A34="","",IMAGE("http://127.0.0.1:5173/__dev/asset-preview"&"?assetId="&ENCODEURL('ASSETS'!$A34)&"&sig="&ENCODEURL('ASSETS'!$B34&"|"&'ASSETS'!$C34&"|"&'ASSETS'!$D34&"|"&'ASSETS'!$E34&"|"&'ASSETS'!$H34),"Preview")) -> Preview | D34: =IF('ASSETS'!$A34="","",'ASSETS'!$I34) -> /assets/testimonials/client10.jpg | E34: =IF('ASSETS'!$A34="","",'ASSETS'!$L34) | F34: =IF('ASSETS'!$A34="","",IF(UPPER('ASSETS'!$H34)<>"TRUE","Disabled",HYPERLINK("http://127.0.0.1:5173/__dev/asset-source"&"?assetId="&ENCODEURL('ASSETS'!$A34)&"&sig="&ENCODEURL('ASSETS'!$B34&"|"&'ASSETS'!$C34&"|"&'ASSETS'!$D34&"|"&'ASSETS'!$E34&"|"&'ASSETS'!$H34),"Open source"))) -> Open source | G34: =IF('ASSETS'!$A34="","",IF(OR(UPPER('ASSETS'!$H34)<>"TRUE",'ASSETS'!$I34=""),"Unavailable",HYPERLINK("http://127.0.0.1:5173/__dev/asset-resolved"&"?assetId="&ENCODEURL('ASSETS'!$A34)&"&sig="&ENCODEURL('ASSETS'!$B34&"|"&'ASSETS'!$C34&"|"&'ASSETS'!$D34&"|"&'ASSETS'!$E34&"|"&'ASSETS'!$H34),"Open resolved"))) -> Open resolved
A35: =IF('ASSETS'!$A35="","",HYPERLINK("#'ASSETS'!A35",'ASSETS'!$A35)) -> testimonial-client11 | B35: =IF('ASSETS'!$A35="","",UPPER('ASSETS'!$B35)) -> IMAGE | C35: =IF('ASSETS'!$A35="","",IMAGE("http://127.0.0.1:5173/__dev/asset-preview"&"?assetId="&ENCODEURL('ASSETS'!$A35)&"&sig="&ENCODEURL('ASSETS'!$B35&"|"&'ASSETS'!$C35&"|"&'ASSETS'!$D35&"|"&'ASSETS'!$E35&"|"&'ASSETS'!$H35),"Preview")) -> Preview | D35: =IF('ASSETS'!$A35="","",'ASSETS'!$I35) -> /assets/testimonials/client11.jpg | E35: =IF('ASSETS'!$A35="","",'ASSETS'!$L35) | F35: =IF('ASSETS'!$A35="","",IF(UPPER('ASSETS'!$H35)<>"TRUE","Disabled",HYPERLINK("http://127.0.0.1:5173/__dev/asset-source"&"?assetId="&ENCODEURL('ASSETS'!$A35)&"&sig="&ENCODEURL('ASSETS'!$B35&"|"&'ASSETS'!$C35&"|"&'ASSETS'!$D35&"|"&'ASSETS'!$E35&"|"&'ASSETS'!$H35),"Open source"))) -> Open source | G35: =IF('ASSETS'!$A35="","",IF(OR(UPPER('ASSETS'!$H35)<>"TRUE",'ASSETS'!$I35=""),"Unavailable",HYPERLINK("http://127.0.0.1:5173/__dev/asset-resolved"&"?assetId="&ENCODEURL('ASSETS'!$A35)&"&sig="&ENCODEURL('ASSETS'!$B35&"|"&'ASSETS'!$C35&"|"&'ASSETS'!$D35&"|"&'ASSETS'!$E35&"|"&'ASSETS'!$H35),"Open resolved"))) -> Open resolved
A36: =IF('ASSETS'!$A36="","",HYPERLINK("#'ASSETS'!A36",'ASSETS'!$A36)) -> testimonial-pack-leaf | B36: =IF('ASSETS'!$A36="","",UPPER('ASSETS'!$B36)) -> IMAGE | C36: =IF('ASSETS'!$A36="","",IMAGE("http://127.0.0.1:5173/__dev/asset-preview"&"?assetId="&ENCODEURL('ASSETS'!$A36)&"&sig="&ENCODEURL('ASSETS'!$B36&"|"&'ASSETS'!$C36&"|"&'ASSETS'!$D36&"|"&'ASSETS'!$E36&"|"&'ASSETS'!$H36),"Preview")) -> Preview | D36: =IF('ASSETS'!$A36="","",'ASSETS'!$I36) -> /assets/testimonials/pack-leaf.svg | E36: =IF('ASSETS'!$A36="","",'ASSETS'!$L36) | F36: =IF('ASSETS'!$A36="","",IF(UPPER('ASSETS'!$H36)<>"TRUE","Disabled",HYPERLINK("http://127.0.0.1:5173/__dev/asset-source"&"?assetId="&ENCODEURL('ASSETS'!$A36)&"&sig="&ENCODEURL('ASSETS'!$B36&"|"&'ASSETS'!$C36&"|"&'ASSETS'!$D36&"|"&'ASSETS'!$E36&"|"&'ASSETS'!$H36),"Open source"))) -> Open source | G36: =IF('ASSETS'!$A36="","",IF(OR(UPPER('ASSETS'!$H36)<>"TRUE",'ASSETS'!$I36=""),"Unavailable",HYPERLINK("http://127.0.0.1:5173/__dev/asset-resolved"&"?assetId="&ENCODEURL('ASSETS'!$A36)&"&sig="&ENCODEURL('ASSETS'!$B36&"|"&'ASSETS'!$C36&"|"&'ASSETS'!$D36&"|"&'ASSETS'!$E36&"|"&'ASSETS'!$H36),"Open resolved"))) -> Open resolved
A37: =IF('ASSETS'!$A37="","",HYPERLINK("#'ASSETS'!A37",'ASSETS'!$A37)) -> testimonial-pack-av | B37: =IF('ASSETS'!$A37="","",UPPER('ASSETS'!$B37)) -> IMAGE | C37: =IF('ASSETS'!$A37="","",IMAGE("http://127.0.0.1:5173/__dev/asset-preview"&"?assetId="&ENCODEURL('ASSETS'!$A37)&"&sig="&ENCODEURL('ASSETS'!$B37&"|"&'ASSETS'!$C37&"|"&'ASSETS'!$D37&"|"&'ASSETS'!$E37&"|"&'ASSETS'!$H37),"Preview")) -> Preview | D37: =IF('ASSETS'!$A37="","",'ASSETS'!$I37) -> /assets/testimonials/pack-av.svg | E37: =IF('ASSETS'!$A37="","",'ASSETS'!$L37) | F37: =IF('ASSETS'!$A37="","",IF(UPPER('ASSETS'!$H37)<>"TRUE","Disabled",HYPERLINK("http://127.0.0.1:5173/__dev/asset-source"&"?assetId="&ENCODEURL('ASSETS'!$A37)&"&sig="&ENCODEURL('ASSETS'!$B37&"|"&'ASSETS'!$C37&"|"&'ASSETS'!$D37&"|"&'ASSETS'!$E37&"|"&'ASSETS'!$H37),"Open source"))) -> Open source | G37: =IF('ASSETS'!$A37="","",IF(OR(UPPER('ASSETS'!$H37)<>"TRUE",'ASSETS'!$I37=""),"Unavailable",HYPERLINK("http://127.0.0.1:5173/__dev/asset-resolved"&"?assetId="&ENCODEURL('ASSETS'!$A37)&"&sig="&ENCODEURL('ASSETS'!$B37&"|"&'ASSETS'!$C37&"|"&'ASSETS'!$D37&"|"&'ASSETS'!$E37&"|"&'ASSETS'!$H37),"Open resolved"))) -> Open resolved
A38: =IF('ASSETS'!$A38="","",HYPERLINK("#'ASSETS'!A38",'ASSETS'!$A38)) -> testimonial-pack-signature | B38: =IF('ASSETS'!$A38="","",UPPER('ASSETS'!$B38)) -> IMAGE | C38: =IF('ASSETS'!$A38="","",IMAGE("http://127.0.0.1:5173/__dev/asset-preview"&"?assetId="&ENCODEURL('ASSETS'!$A38)&"&sig="&ENCODEURL('ASSETS'!$B38&"|"&'ASSETS'!$C38&"|"&'ASSETS'!$D38&"|"&'ASSETS'!$E38&"|"&'ASSETS'!$H38),"Preview")) -> Preview | D38: =IF('ASSETS'!$A38="","",'ASSETS'!$I38) -> /assets/testimonials/pack-signature-v2.svg | E38: =IF('ASSETS'!$A38="","",'ASSETS'!$L38) | F38: =IF('ASSETS'!$A38="","",IF(UPPER('ASSETS'!$H38)<>"TRUE","Disabled",HYPERLINK("http://127.0.0.1:5173/__dev/asset-source"&"?assetId="&ENCODEURL('ASSETS'!$A38)&"&sig="&ENCODEURL('ASSETS'!$B38&"|"&'ASSETS'!$C38&"|"&'ASSETS'!$D38&"|"&'ASSETS'!$E38&"|"&'ASSETS'!$H38),"Open source"))) -> Open source | G38: =IF('ASSETS'!$A38="","",IF(OR(UPPER('ASSETS'!$H38)<>"TRUE",'ASSETS'!$I38=""),"Unavailable",HYPERLINK("http://127.0.0.1:5173/__dev/asset-resolved"&"?assetId="&ENCODEURL('ASSETS'!$A38)&"&sig="&ENCODEURL('ASSETS'!$B38&"|"&'ASSETS'!$C38&"|"&'ASSETS'!$D38&"|"&'ASSETS'!$E38&"|"&'ASSETS'!$H38),"Open resolved"))) -> Open resolved
A39: =IF('ASSETS'!$A39="","",HYPERLINK("#'ASSETS'!A39",'ASSETS'!$A39)) -> testimonial-client12 | B39: =IF('ASSETS'!$A39="","",UPPER('ASSETS'!$B39)) -> IMAGE | C39: =IF('ASSETS'!$A39="","",IMAGE("http://127.0.0.1:5173/__dev/asset-preview"&"?assetId="&ENCODEURL('ASSETS'!$A39)&"&sig="&ENCODEURL('ASSETS'!$B39&"|"&'ASSETS'!$C39&"|"&'ASSETS'!$D39&"|"&'ASSETS'!$E39&"|"&'ASSETS'!$H39),"Preview")) -> Preview | D39: =IF('ASSETS'!$A39="","",'ASSETS'!$I39) -> /assets/testimonials/client12.jpg | E39: =IF('ASSETS'!$A39="","",'ASSETS'!$L39) | F39: =IF('ASSETS'!$A39="","",IF(UPPER('ASSETS'!$H39)<>"TRUE","Disabled",HYPERLINK("http://127.0.0.1:5173/__dev/asset-source"&"?assetId="&ENCODEURL('ASSETS'!$A39)&"&sig="&ENCODEURL('ASSETS'!$B39&"|"&'ASSETS'!$C39&"|"&'ASSETS'!$D39&"|"&'ASSETS'!$E39&"|"&'ASSETS'!$H39),"Open source"))) -> Open source | G39: =IF('ASSETS'!$A39="","",IF(OR(UPPER('ASSETS'!$H39)<>"TRUE",'ASSETS'!$I39=""),"Unavailable",HYPERLINK("http://127.0.0.1:5173/__dev/asset-resolved"&"?assetId="&ENCODEURL('ASSETS'!$A39)&"&sig="&ENCODEURL('ASSETS'!$B39&"|"&'ASSETS'!$C39&"|"&'ASSETS'!$D39&"|"&'ASSETS'!$E39&"|"&'ASSETS'!$H39),"Open resolved"))) -> Open resolved
A40: =IF('ASSETS'!$A40="","",HYPERLINK("#'ASSETS'!A40",'ASSETS'!$A40)) -> testimonial-client13 | B40: =IF('ASSETS'!$A40="","",UPPER('ASSETS'!$B40)) -> IMAGE | C40: =IF('ASSETS'!$A40="","",IMAGE("http://127.0.0.1:5173/__dev/asset-preview"&"?assetId="&ENCODEURL('ASSETS'!$A40)&"&sig="&ENCODEURL('ASSETS'!$B40&"|"&'ASSETS'!$C40&"|"&'ASSETS'!$D40&"|"&'ASSETS'!$E40&"|"&'ASSETS'!$H40),"Preview")) -> Preview | D40: =IF('ASSETS'!$A40="","",'ASSETS'!$I40) -> /assets/testimonials/client13.jpg | E40: =IF('ASSETS'!$A40="","",'ASSETS'!$L40) | F40: =IF('ASSETS'!$A40="","",IF(UPPER('ASSETS'!$H40)<>"TRUE","Disabled",HYPERLINK("http://127.0.0.1:5173/__dev/asset-source"&"?assetId="&ENCODEURL('ASSETS'!$A40)&"&sig="&ENCODEURL('ASSETS'!$B40&"|"&'ASSETS'!$C40&"|"&'ASSETS'!$D40&"|"&'ASSETS'!$E40&"|"&'ASSETS'!$H40),"Open source"))) -> Open source | G40: =IF('ASSETS'!$A40="","",IF(OR(UPPER('ASSETS'!$H40)<>"TRUE",'ASSETS'!$I40=""),"Unavailable",HYPERLINK("http://127.0.0.1:5173/__dev/asset-resolved"&"?assetId="&ENCODEURL('ASSETS'!$A40)&"&sig="&ENCODEURL('ASSETS'!$B40&"|"&'ASSETS'!$C40&"|"&'ASSETS'!$D40&"|"&'ASSETS'!$E40&"|"&'ASSETS'!$H40),"Open resolved"))) -> Open resolved
A41: =IF('ASSETS'!$A41="","",HYPERLINK("#'ASSETS'!A41",'ASSETS'!$A41)) -> testimonial-client14 | B41: =IF('ASSETS'!$A41="","",UPPER('ASSETS'!$B41)) -> IMAGE | C41: =IF('ASSETS'!$A41="","",IMAGE("http://127.0.0.1:5173/__dev/asset-preview"&"?assetId="&ENCODEURL('ASSETS'!$A41)&"&sig="&ENCODEURL('ASSETS'!$B41&"|"&'ASSETS'!$C41&"|"&'ASSETS'!$D41&"|"&'ASSETS'!$E41&"|"&'ASSETS'!$H41),"Preview")) -> Preview | D41: =IF('ASSETS'!$A41="","",'ASSETS'!$I41) -> /assets/testimonials/client14.jpg | E41: =IF('ASSETS'!$A41="","",'ASSETS'!$L41) | F41: =IF('ASSETS'!$A41="","",IF(UPPER('ASSETS'!$H41)<>"TRUE","Disabled",HYPERLINK("http://127.0.0.1:5173/__dev/asset-source"&"?assetId="&ENCODEURL('ASSETS'!$A41)&"&sig="&ENCODEURL('ASSETS'!$B41&"|"&'ASSETS'!$C41&"|"&'ASSETS'!$D41&"|"&'ASSETS'!$E41&"|"&'ASSETS'!$H41),"Open source"))) -> Open source | G41: =IF('ASSETS'!$A41="","",IF(OR(UPPER('ASSETS'!$H41)<>"TRUE",'ASSETS'!$I41=""),"Unavailable",HYPERLINK("http://127.0.0.1:5173/__dev/asset-resolved"&"?assetId="&ENCODEURL('ASSETS'!$A41)&"&sig="&ENCODEURL('ASSETS'!$B41&"|"&'ASSETS'!$C41&"|"&'ASSETS'!$D41&"|"&'ASSETS'!$E41&"|"&'ASSETS'!$H41),"Open resolved"))) -> Open resolved
A42: =IF('ASSETS'!$A42="","",HYPERLINK("#'ASSETS'!A42",'ASSETS'!$A42)) -> testimonial-client15 | B42: =IF('ASSETS'!$A42="","",UPPER('ASSETS'!$B42)) -> IMAGE | C42: =IF('ASSETS'!$A42="","",IMAGE("http://127.0.0.1:5173/__dev/asset-preview"&"?assetId="&ENCODEURL('ASSETS'!$A42)&"&sig="&ENCODEURL('ASSETS'!$B42&"|"&'ASSETS'!$C42&"|"&'ASSETS'!$D42&"|"&'ASSETS'!$E42&"|"&'ASSETS'!$H42),"Preview")) -> Preview | D42: =IF('ASSETS'!$A42="","",'ASSETS'!$I42) -> /assets/testimonials/client15.jpg | E42: =IF('ASSETS'!$A42="","",'ASSETS'!$L42) | F42: =IF('ASSETS'!$A42="","",IF(UPPER('ASSETS'!$H42)<>"TRUE","Disabled",HYPERLINK("http://127.0.0.1:5173/__dev/asset-source"&"?assetId="&ENCODEURL('ASSETS'!$A42)&"&sig="&ENCODEURL('ASSETS'!$B42&"|"&'ASSETS'!$C42&"|"&'ASSETS'!$D42&"|"&'ASSETS'!$E42&"|"&'ASSETS'!$H42),"Open source"))) -> Open source | G42: =IF('ASSETS'!$A42="","",IF(OR(UPPER('ASSETS'!$H42)<>"TRUE",'ASSETS'!$I42=""),"Unavailable",HYPERLINK("http://127.0.0.1:5173/__dev/asset-resolved"&"?assetId="&ENCODEURL('ASSETS'!$A42)&"&sig="&ENCODEURL('ASSETS'!$B42&"|"&'ASSETS'!$C42&"|"&'ASSETS'!$D42&"|"&'ASSETS'!$E42&"|"&'ASSETS'!$H42),"Open resolved"))) -> Open resolved
A43: =IF('ASSETS'!$A43="","",HYPERLINK("#'ASSETS'!A43",'ASSETS'!$A43)) -> testimonial-pack-smark | B43: =IF('ASSETS'!$A43="","",UPPER('ASSETS'!$B43)) -> IMAGE | C43: =IF('ASSETS'!$A43="","",IMAGE("http://127.0.0.1:5173/__dev/asset-preview"&"?assetId="&ENCODEURL('ASSETS'!$A43)&"&sig="&ENCODEURL('ASSETS'!$B43&"|"&'ASSETS'!$C43&"|"&'ASSETS'!$D43&"|"&'ASSETS'!$E43&"|"&'ASSETS'!$H43),"Preview")) -> Preview | D43: =IF('ASSETS'!$A43="","",'ASSETS'!$I43) -> /assets/testimonials/pack-smark.svg | E43: =IF('ASSETS'!$A43="","",'ASSETS'!$L43) | F43: =IF('ASSETS'!$A43="","",IF(UPPER('ASSETS'!$H43)<>"TRUE","Disabled",HYPERLINK("http://127.0.0.1:5173/__dev/asset-source"&"?assetId="&ENCODEURL('ASSETS'!$A43)&"&sig="&ENCODEURL('ASSETS'!$B43&"|"&'ASSETS'!$C43&"|"&'ASSETS'!$D43&"|"&'ASSETS'!$E43&"|"&'ASSETS'!$H43),"Open source"))) -> Open source | G43: =IF('ASSETS'!$A43="","",IF(OR(UPPER('ASSETS'!$H43)<>"TRUE",'ASSETS'!$I43=""),"Unavailable",HYPERLINK("http://127.0.0.1:5173/__dev/asset-resolved"&"?assetId="&ENCODEURL('ASSETS'!$A43)&"&sig="&ENCODEURL('ASSETS'!$B43&"|"&'ASSETS'!$C43&"|"&'ASSETS'!$D43&"|"&'ASSETS'!$E43&"|"&'ASSETS'!$H43),"Open resolved"))) -> Open resolved
A44: =IF('ASSETS'!$A44="","",HYPERLINK("#'ASSETS'!A44",'ASSETS'!$A44)) -> testimonial-pack-mountain | B44: =IF('ASSETS'!$A44="","",UPPER('ASSETS'!$B44)) -> IMAGE | C44: =IF('ASSETS'!$A44="","",IMAGE("http://127.0.0.1:5173/__dev/asset-preview"&"?assetId="&ENCODEURL('ASSETS'!$A44)&"&sig="&ENCODEURL('ASSETS'!$B44&"|"&'ASSETS'!$C44&"|"&'ASSETS'!$D44&"|"&'ASSETS'!$E44&"|"&'ASSETS'!$H44),"Preview")) -> Preview | D44: =IF('ASSETS'!$A44="","",'ASSETS'!$I44) -> /assets/testimonials/pack-mountain.svg | E44: =IF('ASSETS'!$A44="","",'ASSETS'!$L44) | F44: =IF('ASSETS'!$A44="","",IF(UPPER('ASSETS'!$H44)<>"TRUE","Disabled",HYPERLINK("http://127.0.0.1:5173/__dev/asset-source"&"?assetId="&ENCODEURL('ASSETS'!$A44)&"&sig="&ENCODEURL('ASSETS'!$B44&"|"&'ASSETS'!$C44&"|"&'ASSETS'!$D44&"|"&'ASSETS'!$E44&"|"&'ASSETS'!$H44),"Open source"))) -> Open source | G44: =IF('ASSETS'!$A44="","",IF(OR(UPPER('ASSETS'!$H44)<>"TRUE",'ASSETS'!$I44=""),"Unavailable",HYPERLINK("http://127.0.0.1:5173/__dev/asset-resolved"&"?assetId="&ENCODEURL('ASSETS'!$A44)&"&sig="&ENCODEURL('ASSETS'!$B44&"|"&'ASSETS'!$C44&"|"&'ASSETS'!$D44&"|"&'ASSETS'!$E44&"|"&'ASSETS'!$H44),"Open resolved"))) -> Open resolved
A45: =IF('ASSETS'!$A45="","",HYPERLINK("#'ASSETS'!A45",'ASSETS'!$A45)) -> project-6-video | B45: =IF('ASSETS'!$A45="","",UPPER('ASSETS'!$B45)) -> VIDEO | C45: =IF('ASSETS'!$A45="","",IMAGE("http://127.0.0.1:5173/__dev/asset-preview"&"?assetId="&ENCODEURL('ASSETS'!$A45)&"&sig="&ENCODEURL('ASSETS'!$B45&"|"&'ASSETS'!$C45&"|"&'ASSETS'!$D45&"|"&'ASSETS'!$E45&"|"&'ASSETS'!$H45),"Preview")) -> Preview | D45: =IF('ASSETS'!$A45="","",'ASSETS'!$I45) -> /assets/projects/remote-pc-bridge.mp4 | E45: =IF('ASSETS'!$A45="","",'ASSETS'!$L45) | F45: =IF('ASSETS'!$A45="","",IF(UPPER('ASSETS'!$H45)<>"TRUE","Disabled",HYPERLINK("http://127.0.0.1:5173/__dev/asset-source"&"?assetId="&ENCODEURL('ASSETS'!$A45)&"&sig="&ENCODEURL('ASSETS'!$B45&"|"&'ASSETS'!$C45&"|"&'ASSETS'!$D45&"|"&'ASSETS'!$E45&"|"&'ASSETS'!$H45),"Open source"))) -> Open source | G45: =IF('ASSETS'!$A45="","",IF(OR(UPPER('ASSETS'!$H45)<>"TRUE",'ASSETS'!$I45=""),"Unavailable",HYPERLINK("http://127.0.0.1:5173/__dev/asset-resolved"&"?assetId="&ENCODEURL('ASSETS'!$A45)&"&sig="&ENCODEURL('ASSETS'!$B45&"|"&'ASSETS'!$C45&"|"&'ASSETS'!$D45&"|"&'ASSETS'!$E45&"|"&'ASSETS'!$H45),"Open resolved"))) -> Open resolved
A46: =IF('ASSETS'!$A46="","",HYPERLINK("#'ASSETS'!A46",'ASSETS'!$A46)) -> project-6-thumbnail | B46: =IF('ASSETS'!$A46="","",UPPER('ASSETS'!$B46)) -> IMAGE | C46: =IF('ASSETS'!$A46="","",IMAGE("http://127.0.0.1:5173/__dev/asset-preview"&"?assetId="&ENCODEURL('ASSETS'!$A46)&"&sig="&ENCODEURL('ASSETS'!$B46&"|"&'ASSETS'!$C46&"|"&'ASSETS'!$D46&"|"&'ASSETS'!$E46&"|"&'ASSETS'!$H46),"Preview")) -> Preview | D46: =IF('ASSETS'!$A46="","",'ASSETS'!$I46) -> /assets/projects/remote-pc-bridge.jpg | E46: =IF('ASSETS'!$A46="","",'ASSETS'!$L46) | F46: =IF('ASSETS'!$A46="","",IF(UPPER('ASSETS'!$H46)<>"TRUE","Disabled",HYPERLINK("http://127.0.0.1:5173/__dev/asset-source"&"?assetId="&ENCODEURL('ASSETS'!$A46)&"&sig="&ENCODEURL('ASSETS'!$B46&"|"&'ASSETS'!$C46&"|"&'ASSETS'!$D46&"|"&'ASSETS'!$E46&"|"&'ASSETS'!$H46),"Open source"))) -> Open source | G46: =IF('ASSETS'!$A46="","",IF(OR(UPPER('ASSETS'!$H46)<>"TRUE",'ASSETS'!$I46=""),"Unavailable",HYPERLINK("http://127.0.0.1:5173/__dev/asset-resolved"&"?assetId="&ENCODEURL('ASSETS'!$A46)&"&sig="&ENCODEURL('ASSETS'!$B46&"|"&'ASSETS'!$C46&"|"&'ASSETS'!$D46&"|"&'ASSETS'!$E46&"|"&'ASSETS'!$H46),"Open resolved"))) -> Open resolved
A47: =IF('ASSETS'!$A47="","",HYPERLINK("#'ASSETS'!A47",'ASSETS'!$A47)) -> project-6-icon | B47: =IF('ASSETS'!$A47="","",UPPER('ASSETS'!$B47)) -> ICON | C47: =IF('ASSETS'!$A47="","",IMAGE("http://127.0.0.1:5173/__dev/asset-preview"&"?assetId="&ENCODEURL('ASSETS'!$A47)&"&sig="&ENCODEURL('ASSETS'!$B47&"|"&'ASSETS'!$C47&"|"&'ASSETS'!$D47&"|"&'ASSETS'!$E47&"|"&'ASSETS'!$H47),"Preview")) -> Preview | D47: =IF('ASSETS'!$A47="","",'ASSETS'!$I47) -> /assets/projects/remote-pc-bridge-icon.png | E47: =IF('ASSETS'!$A47="","",'ASSETS'!$L47) | F47: =IF('ASSETS'!$A47="","",IF(UPPER('ASSETS'!$H47)<>"TRUE","Disabled",HYPERLINK("http://127.0.0.1:5173/__dev/asset-source"&"?assetId="&ENCODEURL('ASSETS'!$A47)&"&sig="&ENCODEURL('ASSETS'!$B47&"|"&'ASSETS'!$C47&"|"&'ASSETS'!$D47&"|"&'ASSETS'!$E47&"|"&'ASSETS'!$H47),"Open source"))) -> Open source | G47: =IF('ASSETS'!$A47="","",IF(OR(UPPER('ASSETS'!$H47)<>"TRUE",'ASSETS'!$I47=""),"Unavailable",HYPERLINK("http://127.0.0.1:5173/__dev/asset-resolved"&"?assetId="&ENCODEURL('ASSETS'!$A47)&"&sig="&ENCODEURL('ASSETS'!$B47&"|"&'ASSETS'!$C47&"|"&'ASSETS'!$D47&"|"&'ASSETS'!$E47&"|"&'ASSETS'!$H47),"Open resolved"))) -> Open resolved
A48: =IF('ASSETS'!$A48="","",HYPERLINK("#'ASSETS'!A48",'ASSETS'!$A48)) -> datacraft-cover | B48: =IF('ASSETS'!$A48="","",UPPER('ASSETS'!$B48)) -> IMAGE | C48: =IF('ASSETS'!$A48="","",IMAGE("http://127.0.0.1:5173/__dev/asset-preview"&"?assetId="&ENCODEURL('ASSETS'!$A48)&"&sig="&ENCODEURL('ASSETS'!$B48&"|"&'ASSETS'!$C48&"|"&'ASSETS'!$D48&"|"&'ASSETS'!$E48&"|"&'ASSETS'!$H48),"Preview")) -> Preview | D48: =IF('ASSETS'!$A48="","",'ASSETS'!$I48) -> /assets/projects/datacraft/cover.webp | E48: =IF('ASSETS'!$A48="","",'ASSETS'!$L48) | F48: =IF('ASSETS'!$A48="","",IF(UPPER('ASSETS'!$H48)<>"TRUE","Disabled",HYPERLINK("http://127.0.0.1:5173/__dev/asset-source"&"?assetId="&ENCODEURL('ASSETS'!$A48)&"&sig="&ENCODEURL('ASSETS'!$B48&"|"&'ASSETS'!$C48&"|"&'ASSETS'!$D48&"|"&'ASSETS'!$E48&"|"&'ASSETS'!$H48),"Open source"))) -> Open source | G48: =IF('ASSETS'!$A48="","",IF(OR(UPPER('ASSETS'!$H48)<>"TRUE",'ASSETS'!$I48=""),"Unavailable",HYPERLINK("http://127.0.0.1:5173/__dev/asset-resolved"&"?assetId="&ENCODEURL('ASSETS'!$A48)&"&sig="&ENCODEURL('ASSETS'!$B48&"|"&'ASSETS'!$C48&"|"&'ASSETS'!$D48&"|"&'ASSETS'!$E48&"|"&'ASSETS'!$H48),"Open resolved"))) -> Open resolved
A49: =IF('ASSETS'!$A49="","",HYPERLINK("#'ASSETS'!A49",'ASSETS'!$A49)) -> datacraft-icon | B49: =IF('ASSETS'!$A49="","",UPPER('ASSETS'!$B49)) -> ICON | C49: =IF('ASSETS'!$A49="","",IMAGE("http://127.0.0.1:5173/__dev/asset-preview"&"?assetId="&ENCODEURL('ASSETS'!$A49)&"&sig="&ENCODEURL('ASSETS'!$B49&"|"&'ASSETS'!$C49&"|"&'ASSETS'!$D49&"|"&'ASSETS'!$E49&"|"&'ASSETS'!$H49),"Preview")) -> Preview | D49: =IF('ASSETS'!$A49="","",'ASSETS'!$I49) -> /assets/projects/datacraft/symbol.svg | E49: =IF('ASSETS'!$A49="","",'ASSETS'!$L49) | F49: =IF('ASSETS'!$A49="","",IF(UPPER('ASSETS'!$H49)<>"TRUE","Disabled",HYPERLINK("http://127.0.0.1:5173/__dev/asset-source"&"?assetId="&ENCODEURL('ASSETS'!$A49)&"&sig="&ENCODEURL('ASSETS'!$B49&"|"&'ASSETS'!$C49&"|"&'ASSETS'!$D49&"|"&'ASSETS'!$E49&"|"&'ASSETS'!$H49),"Open source"))) -> Open source | G49: =IF('ASSETS'!$A49="","",IF(OR(UPPER('ASSETS'!$H49)<>"TRUE",'ASSETS'!$I49=""),"Unavailable",HYPERLINK("http://127.0.0.1:5173/__dev/asset-resolved"&"?assetId="&ENCODEURL('ASSETS'!$A49)&"&sig="&ENCODEURL('ASSETS'!$B49&"|"&'ASSETS'!$C49&"|"&'ASSETS'!$D49&"|"&'ASSETS'!$E49&"|"&'ASSETS'!$H49),"Open resolved"))) -> Open resolved
A50: =IF('ASSETS'!$A50="","",HYPERLINK("#'ASSETS'!A50",'ASSETS'!$A50)) -> datacraft-gallery-1 | B50: =IF('ASSETS'!$A50="","",UPPER('ASSETS'!$B50)) -> IMAGE | C50: =IF('ASSETS'!$A50="","",IMAGE("http://127.0.0.1:5173/__dev/asset-preview"&"?assetId="&ENCODEURL('ASSETS'!$A50)&"&sig="&ENCODEURL('ASSETS'!$B50&"|"&'ASSETS'!$C50&"|"&'ASSETS'!$D50&"|"&'ASSETS'!$E50&"|"&'ASSETS'!$H50),"Preview")) -> Preview | D50: =IF('ASSETS'!$A50="","",'ASSETS'!$I50) -> /assets/projects/datacraft/02-Visual-authoring.webp | E50: =IF('ASSETS'!$A50="","",'ASSETS'!$L50) | F50: =IF('ASSETS'!$A50="","",IF(UPPER('ASSETS'!$H50)<>"TRUE","Disabled",HYPERLINK("http://127.0.0.1:5173/__dev/asset-source"&"?assetId="&ENCODEURL('ASSETS'!$A50)&"&sig="&ENCODEURL('ASSETS'!$B50&"|"&'ASSETS'!$C50&"|"&'ASSETS'!$D50&"|"&'ASSETS'!$E50&"|"&'ASSETS'!$H50),"Open source"))) -> Open source | G50: =IF('ASSETS'!$A50="","",IF(OR(UPPER('ASSETS'!$H50)<>"TRUE",'ASSETS'!$I50=""),"Unavailable",HYPERLINK("http://127.0.0.1:5173/__dev/asset-resolved"&"?assetId="&ENCODEURL('ASSETS'!$A50)&"&sig="&ENCODEURL('ASSETS'!$B50&"|"&'ASSETS'!$C50&"|"&'ASSETS'!$D50&"|"&'ASSETS'!$E50&"|"&'ASSETS'!$H50),"Open resolved"))) -> Open resolved
A51: =IF('ASSETS'!$A51="","",HYPERLINK("#'ASSETS'!A51",'ASSETS'!$A51)) -> datacraft-gallery-2 | B51: =IF('ASSETS'!$A51="","",UPPER('ASSETS'!$B51)) -> IMAGE | C51: =IF('ASSETS'!$A51="","",IMAGE("http://127.0.0.1:5173/__dev/asset-preview"&"?assetId="&ENCODEURL('ASSETS'!$A51)&"&sig="&ENCODEURL('ASSETS'!$B51&"|"&'ASSETS'!$C51&"|"&'ASSETS'!$D51&"|"&'ASSETS'!$E51&"|"&'ASSETS'!$H51),"Preview")) -> Preview | D51: =IF('ASSETS'!$A51="","",'ASSETS'!$I51) -> /assets/projects/datacraft/03-Templates-instances.webp | E51: =IF('ASSETS'!$A51="","",'ASSETS'!$L51) | F51: =IF('ASSETS'!$A51="","",IF(UPPER('ASSETS'!$H51)<>"TRUE","Disabled",HYPERLINK("http://127.0.0.1:5173/__dev/asset-source"&"?assetId="&ENCODEURL('ASSETS'!$A51)&"&sig="&ENCODEURL('ASSETS'!$B51&"|"&'ASSETS'!$C51&"|"&'ASSETS'!$D51&"|"&'ASSETS'!$E51&"|"&'ASSETS'!$H51),"Open source"))) -> Open source | G51: =IF('ASSETS'!$A51="","",IF(OR(UPPER('ASSETS'!$H51)<>"TRUE",'ASSETS'!$I51=""),"Unavailable",HYPERLINK("http://127.0.0.1:5173/__dev/asset-resolved"&"?assetId="&ENCODEURL('ASSETS'!$A51)&"&sig="&ENCODEURL('ASSETS'!$B51&"|"&'ASSETS'!$C51&"|"&'ASSETS'!$D51&"|"&'ASSETS'!$E51&"|"&'ASSETS'!$H51),"Open resolved"))) -> Open resolved
A52: =IF('ASSETS'!$A52="","",HYPERLINK("#'ASSETS'!A52",'ASSETS'!$A52)) -> datacraft-gallery-3 | B52: =IF('ASSETS'!$A52="","",UPPER('ASSETS'!$B52)) -> IMAGE | C52: =IF('ASSETS'!$A52="","",IMAGE("http://127.0.0.1:5173/__dev/asset-preview"&"?assetId="&ENCODEURL('ASSETS'!$A52)&"&sig="&ENCODEURL('ASSETS'!$B52&"|"&'ASSETS'!$C52&"|"&'ASSETS'!$D52&"|"&'ASSETS'!$E52&"|"&'ASSETS'!$H52),"Preview")) -> Preview | D52: =IF('ASSETS'!$A52="","",'ASSETS'!$I52) -> /assets/projects/datacraft/04-Template-references.webp | E52: =IF('ASSETS'!$A52="","",'ASSETS'!$L52) | F52: =IF('ASSETS'!$A52="","",IF(UPPER('ASSETS'!$H52)<>"TRUE","Disabled",HYPERLINK("http://127.0.0.1:5173/__dev/asset-source"&"?assetId="&ENCODEURL('ASSETS'!$A52)&"&sig="&ENCODEURL('ASSETS'!$B52&"|"&'ASSETS'!$C52&"|"&'ASSETS'!$D52&"|"&'ASSETS'!$E52&"|"&'ASSETS'!$H52),"Open source"))) -> Open source | G52: =IF('ASSETS'!$A52="","",IF(OR(UPPER('ASSETS'!$H52)<>"TRUE",'ASSETS'!$I52=""),"Unavailable",HYPERLINK("http://127.0.0.1:5173/__dev/asset-resolved"&"?assetId="&ENCODEURL('ASSETS'!$A52)&"&sig="&ENCODEURL('ASSETS'!$B52&"|"&'ASSETS'!$C52&"|"&'ASSETS'!$D52&"|"&'ASSETS'!$E52&"|"&'ASSETS'!$H52),"Open resolved"))) -> Open resolved
A53: =IF('ASSETS'!$A53="","",HYPERLINK("#'ASSETS'!A53",'ASSETS'!$A53)) -> datacraft-gallery-4 | B53: =IF('ASSETS'!$A53="","",UPPER('ASSETS'!$B53)) -> IMAGE | C53: =IF('ASSETS'!$A53="","",IMAGE("http://127.0.0.1:5173/__dev/asset-preview"&"?assetId="&ENCODEURL('ASSETS'!$A53)&"&sig="&ENCODEURL('ASSETS'!$B53&"|"&'ASSETS'!$C53&"|"&'ASSETS'!$D53&"|"&'ASSETS'!$E53&"|"&'ASSETS'!$H53),"Preview")) -> Preview | D53: =IF('ASSETS'!$A53="","",'ASSETS'!$I53) -> /assets/projects/datacraft/05-Unity-integration.webp | E53: =IF('ASSETS'!$A53="","",'ASSETS'!$L53) | F53: =IF('ASSETS'!$A53="","",IF(UPPER('ASSETS'!$H53)<>"TRUE","Disabled",HYPERLINK("http://127.0.0.1:5173/__dev/asset-source"&"?assetId="&ENCODEURL('ASSETS'!$A53)&"&sig="&ENCODEURL('ASSETS'!$B53&"|"&'ASSETS'!$C53&"|"&'ASSETS'!$D53&"|"&'ASSETS'!$E53&"|"&'ASSETS'!$H53),"Open source"))) -> Open source | G53: =IF('ASSETS'!$A53="","",IF(OR(UPPER('ASSETS'!$H53)<>"TRUE",'ASSETS'!$I53=""),"Unavailable",HYPERLINK("http://127.0.0.1:5173/__dev/asset-resolved"&"?assetId="&ENCODEURL('ASSETS'!$A53)&"&sig="&ENCODEURL('ASSETS'!$B53&"|"&'ASSETS'!$C53&"|"&'ASSETS'!$D53&"|"&'ASSETS'!$E53&"|"&'ASSETS'!$H53),"Open resolved"))) -> Open resolved
A54: =IF('ASSETS'!$A54="","",HYPERLINK("#'ASSETS'!A54",'ASSETS'!$A54)) -> datacraft-gallery-5 | B54: =IF('ASSETS'!$A54="","",UPPER('ASSETS'!$B54)) -> IMAGE | C54: =IF('ASSETS'!$A54="","",IMAGE("http://127.0.0.1:5173/__dev/asset-preview"&"?assetId="&ENCODEURL('ASSETS'!$A54)&"&sig="&ENCODEURL('ASSETS'!$B54&"|"&'ASSETS'!$C54&"|"&'ASSETS'!$D54&"|"&'ASSETS'!$E54&"|"&'ASSETS'!$H54),"Preview")) -> Preview | D54: =IF('ASSETS'!$A54="","",'ASSETS'!$I54) -> /assets/projects/datacraft/06-API-workflow.webp | E54: =IF('ASSETS'!$A54="","",'ASSETS'!$L54) | F54: =IF('ASSETS'!$A54="","",IF(UPPER('ASSETS'!$H54)<>"TRUE","Disabled",HYPERLINK("http://127.0.0.1:5173/__dev/asset-source"&"?assetId="&ENCODEURL('ASSETS'!$A54)&"&sig="&ENCODEURL('ASSETS'!$B54&"|"&'ASSETS'!$C54&"|"&'ASSETS'!$D54&"|"&'ASSETS'!$E54&"|"&'ASSETS'!$H54),"Open source"))) -> Open source | G54: =IF('ASSETS'!$A54="","",IF(OR(UPPER('ASSETS'!$H54)<>"TRUE",'ASSETS'!$I54=""),"Unavailable",HYPERLINK("http://127.0.0.1:5173/__dev/asset-resolved"&"?assetId="&ENCODEURL('ASSETS'!$A54)&"&sig="&ENCODEURL('ASSETS'!$B54&"|"&'ASSETS'!$C54&"|"&'ASSETS'!$D54&"|"&'ASSETS'!$E54&"|"&'ASSETS'!$H54),"Open resolved"))) -> Open resolved
A55: =IF('ASSETS'!$A55="","",HYPERLINK("#'ASSETS'!A55",'ASSETS'!$A55)) -> datacraft-gallery-6 | B55: =IF('ASSETS'!$A55="","",UPPER('ASSETS'!$B55)) -> IMAGE | C55: =IF('ASSETS'!$A55="","",IMAGE("http://127.0.0.1:5173/__dev/asset-preview"&"?assetId="&ENCODEURL('ASSETS'!$A55)&"&sig="&ENCODEURL('ASSETS'!$B55&"|"&'ASSETS'!$C55&"|"&'ASSETS'!$D55&"|"&'ASSETS'!$E55&"|"&'ASSETS'!$H55),"Preview")) -> Preview | D55: =IF('ASSETS'!$A55="","",'ASSETS'!$I55) -> /assets/projects/datacraft/07-Client-to-gameplay.webp | E55: =IF('ASSETS'!$A55="","",'ASSETS'!$L55) | F55: =IF('ASSETS'!$A55="","",IF(UPPER('ASSETS'!$H55)<>"TRUE","Disabled",HYPERLINK("http://127.0.0.1:5173/__dev/asset-source"&"?assetId="&ENCODEURL('ASSETS'!$A55)&"&sig="&ENCODEURL('ASSETS'!$B55&"|"&'ASSETS'!$C55&"|"&'ASSETS'!$D55&"|"&'ASSETS'!$E55&"|"&'ASSETS'!$H55),"Open source"))) -> Open source | G55: =IF('ASSETS'!$A55="","",IF(OR(UPPER('ASSETS'!$H55)<>"TRUE",'ASSETS'!$I55=""),"Unavailable",HYPERLINK("http://127.0.0.1:5173/__dev/asset-resolved"&"?assetId="&ENCODEURL('ASSETS'!$A55)&"&sig="&ENCODEURL('ASSETS'!$B55&"|"&'ASSETS'!$C55&"|"&'ASSETS'!$D55&"|"&'ASSETS'!$E55&"|"&'ASSETS'!$H55),"Open resolved"))) -> Open resolved
A56: =IF('ASSETS'!$A56="","",HYPERLINK("#'ASSETS'!A56",'ASSETS'!$A56)) -> datacraft-gallery-7 | B56: =IF('ASSETS'!$A56="","",UPPER('ASSETS'!$B56)) -> IMAGE | C56: =IF('ASSETS'!$A56="","",IMAGE("http://127.0.0.1:5173/__dev/asset-preview"&"?assetId="&ENCODEURL('ASSETS'!$A56)&"&sig="&ENCODEURL('ASSETS'!$B56&"|"&'ASSETS'!$C56&"|"&'ASSETS'!$D56&"|"&'ASSETS'!$E56&"|"&'ASSETS'!$H56),"Preview")) -> Preview | D56: =IF('ASSETS'!$A56="","",'ASSETS'!$I56) -> /assets/projects/datacraft/08-Save-progress.webp | E56: =IF('ASSETS'!$A56="","",'ASSETS'!$L56) | F56: =IF('ASSETS'!$A56="","",IF(UPPER('ASSETS'!$H56)<>"TRUE","Disabled",HYPERLINK("http://127.0.0.1:5173/__dev/asset-source"&"?assetId="&ENCODEURL('ASSETS'!$A56)&"&sig="&ENCODEURL('ASSETS'!$B56&"|"&'ASSETS'!$C56&"|"&'ASSETS'!$D56&"|"&'ASSETS'!$E56&"|"&'ASSETS'!$H56),"Open source"))) -> Open source | G56: =IF('ASSETS'!$A56="","",IF(OR(UPPER('ASSETS'!$H56)<>"TRUE",'ASSETS'!$I56=""),"Unavailable",HYPERLINK("http://127.0.0.1:5173/__dev/asset-resolved"&"?assetId="&ENCODEURL('ASSETS'!$A56)&"&sig="&ENCODEURL('ASSETS'!$B56&"|"&'ASSETS'!$C56&"|"&'ASSETS'!$D56&"|"&'ASSETS'!$E56&"|"&'ASSETS'!$H56),"Open resolved"))) -> Open resolved
A57: =IF('ASSETS'!$A57="","",HYPERLINK("#'ASSETS'!A57",'ASSETS'!$A57)) -> datacraft-gallery-8 | B57: =IF('ASSETS'!$A57="","",UPPER('ASSETS'!$B57)) -> IMAGE | C57: =IF('ASSETS'!$A57="","",IMAGE("http://127.0.0.1:5173/__dev/asset-preview"&"?assetId="&ENCODEURL('ASSETS'!$A57)&"&sig="&ENCODEURL('ASSETS'!$B57&"|"&'ASSETS'!$C57&"|"&'ASSETS'!$D57&"|"&'ASSETS'!$E57&"|"&'ASSETS'!$H57),"Preview")) -> Preview | D57: =IF('ASSETS'!$A57="","",'ASSETS'!$I57) -> /assets/projects/datacraft/09-Flexible-workspace.webp | E57: =IF('ASSETS'!$A57="","",'ASSETS'!$L57) | F57: =IF('ASSETS'!$A57="","",IF(UPPER('ASSETS'!$H57)<>"TRUE","Disabled",HYPERLINK("http://127.0.0.1:5173/__dev/asset-source"&"?assetId="&ENCODEURL('ASSETS'!$A57)&"&sig="&ENCODEURL('ASSETS'!$B57&"|"&'ASSETS'!$C57&"|"&'ASSETS'!$D57&"|"&'ASSETS'!$E57&"|"&'ASSETS'!$H57),"Open source"))) -> Open source | G57: =IF('ASSETS'!$A57="","",IF(OR(UPPER('ASSETS'!$H57)<>"TRUE",'ASSETS'!$I57=""),"Unavailable",HYPERLINK("http://127.0.0.1:5173/__dev/asset-resolved"&"?assetId="&ENCODEURL('ASSETS'!$A57)&"&sig="&ENCODEURL('ASSETS'!$B57&"|"&'ASSETS'!$C57&"|"&'ASSETS'!$D57&"|"&'ASSETS'!$E57&"|"&'ASSETS'!$H57),"Open resolved"))) -> Open resolved
A58: =IF('ASSETS'!$A58="","",HYPERLINK("#'ASSETS'!A58",'ASSETS'!$A58)) -> datacraft-video | B58: =IF('ASSETS'!$A58="","",UPPER('ASSETS'!$B58)) -> VIDEO | C58: =IF('ASSETS'!$A58="","",IMAGE("http://127.0.0.1:5173/__dev/asset-preview"&"?assetId="&ENCODEURL('ASSETS'!$A58)&"&sig="&ENCODEURL('ASSETS'!$B58&"|"&'ASSETS'!$C58&"|"&'ASSETS'!$D58&"|"&'ASSETS'!$E58&"|"&'ASSETS'!$H58),"Preview")) -> Preview | D58: =IF('ASSETS'!$A58="","",'ASSETS'!$I58) -> /assets/projects/datacraft-demo.mp4 | E58: =IF('ASSETS'!$A58="","",'ASSETS'!$L58) | F58: =IF('ASSETS'!$A58="","",IF(UPPER('ASSETS'!$H58)<>"TRUE","Disabled",HYPERLINK("http://127.0.0.1:5173/__dev/asset-source"&"?assetId="&ENCODEURL('ASSETS'!$A58)&"&sig="&ENCODEURL('ASSETS'!$B58&"|"&'ASSETS'!$C58&"|"&'ASSETS'!$D58&"|"&'ASSETS'!$E58&"|"&'ASSETS'!$H58),"Open source"))) -> Open source | G58: =IF('ASSETS'!$A58="","",IF(OR(UPPER('ASSETS'!$H58)<>"TRUE",'ASSETS'!$I58=""),"Unavailable",HYPERLINK("http://127.0.0.1:5173/__dev/asset-resolved"&"?assetId="&ENCODEURL('ASSETS'!$A58)&"&sig="&ENCODEURL('ASSETS'!$B58&"|"&'ASSETS'!$C58&"|"&'ASSETS'!$D58&"|"&'ASSETS'!$E58&"|"&'ASSETS'!$H58),"Open resolved"))) -> Open resolved
A59: =IF('ASSETS'!$A59="","",HYPERLINK("#'ASSETS'!A59",'ASSETS'!$A59)) | B59: =IF('ASSETS'!$A59="","",UPPER('ASSETS'!$B59)) | C59: =IF('ASSETS'!$A59="","",IMAGE("http://127.0.0.1:5173/__dev/asset-preview"&"?assetId="&ENCODEURL('ASSETS'!$A59)&"&sig="&ENCODEURL('ASSETS'!$B59&"|"&'ASSETS'!$C59&"|"&'ASSETS'!$D59&"|"&'ASSETS'!$E59&"|"&'ASSETS'!$H59),"Preview")) | D59: =IF('ASSETS'!$A59="","",'ASSETS'!$I59) | E59: =IF('ASSETS'!$A59="","",'ASSETS'!$L59) | F59: =IF('ASSETS'!$A59="","",IF(UPPER('ASSETS'!$H59)<>"TRUE","Disabled",HYPERLINK("http://127.0.0.1:5173/__dev/asset-source"&"?assetId="&ENCODEURL('ASSETS'!$A59)&"&sig="&ENCODEURL('ASSETS'!$B59&"|"&'ASSETS'!$C59&"|"&'ASSETS'!$D59&"|"&'ASSETS'!$E59&"|"&'ASSETS'!$H59),"Open source"))) | G59: =IF('ASSETS'!$A59="","",IF(OR(UPPER('ASSETS'!$H59)<>"TRUE",'ASSETS'!$I59=""),"Unavailable",HYPERLINK("http://127.0.0.1:5173/__dev/asset-resolved"&"?assetId="&ENCODEURL('ASSETS'!$A59)&"&sig="&ENCODEURL('ASSETS'!$B59&"|"&'ASSETS'!$C59&"|"&'ASSETS'!$D59&"|"&'ASSETS'!$E59&"|"&'ASSETS'!$H59),"Open resolved")))
A60: =IF('ASSETS'!$A60="","",HYPERLINK("#'ASSETS'!A60",'ASSETS'!$A60)) | B60: =IF('ASSETS'!$A60="","",UPPER('ASSETS'!$B60)) | C60: =IF('ASSETS'!$A60="","",IMAGE("http://127.0.0.1:5173/__dev/asset-preview"&"?assetId="&ENCODEURL('ASSETS'!$A60)&"&sig="&ENCODEURL('ASSETS'!$B60&"|"&'ASSETS'!$C60&"|"&'ASSETS'!$D60&"|"&'ASSETS'!$E60&"|"&'ASSETS'!$H60),"Preview")) | D60: =IF('ASSETS'!$A60="","",'ASSETS'!$I60) | E60: =IF('ASSETS'!$A60="","",'ASSETS'!$L60) | F60: =IF('ASSETS'!$A60="","",IF(UPPER('ASSETS'!$H60)<>"TRUE","Disabled",HYPERLINK("http://127.0.0.1:5173/__dev/asset-source"&"?assetId="&ENCODEURL('ASSETS'!$A60)&"&sig="&ENCODEURL('ASSETS'!$B60&"|"&'ASSETS'!$C60&"|"&'ASSETS'!$D60&"|"&'ASSETS'!$E60&"|"&'ASSETS'!$H60),"Open source"))) | G60: =IF('ASSETS'!$A60="","",IF(OR(UPPER('ASSETS'!$H60)<>"TRUE",'ASSETS'!$I60=""),"Unavailable",HYPERLINK("http://127.0.0.1:5173/__dev/asset-resolved"&"?assetId="&ENCODEURL('ASSETS'!$A60)&"&sig="&ENCODEURL('ASSETS'!$B60&"|"&'ASSETS'!$C60&"|"&'ASSETS'!$D60&"|"&'ASSETS'!$E60&"|"&'ASSETS'!$H60),"Open resolved")))
A61: =IF('ASSETS'!$A61="","",HYPERLINK("#'ASSETS'!A61",'ASSETS'!$A61)) | B61: =IF('ASSETS'!$A61="","",UPPER('ASSETS'!$B61)) | C61: =IF('ASSETS'!$A61="","",IMAGE("http://127.0.0.1:5173/__dev/asset-preview"&"?assetId="&ENCODEURL('ASSETS'!$A61)&"&sig="&ENCODEURL('ASSETS'!$B61&"|"&'ASSETS'!$C61&"|"&'ASSETS'!$D61&"|"&'ASSETS'!$E61&"|"&'ASSETS'!$H61),"Preview")) | D61: =IF('ASSETS'!$A61="","",'ASSETS'!$I61) | E61: =IF('ASSETS'!$A61="","",'ASSETS'!$L61) | F61: =IF('ASSETS'!$A61="","",IF(UPPER('ASSETS'!$H61)<>"TRUE","Disabled",HYPERLINK("http://127.0.0.1:5173/__dev/asset-source"&"?assetId="&ENCODEURL('ASSETS'!$A61)&"&sig="&ENCODEURL('ASSETS'!$B61&"|"&'ASSETS'!$C61&"|"&'ASSETS'!$D61&"|"&'ASSETS'!$E61&"|"&'ASSETS'!$H61),"Open source"))) | G61: =IF('ASSETS'!$A61="","",IF(OR(UPPER('ASSETS'!$H61)<>"TRUE",'ASSETS'!$I61=""),"Unavailable",HYPERLINK("http://127.0.0.1:5173/__dev/asset-resolved"&"?assetId="&ENCODEURL('ASSETS'!$A61)&"&sig="&ENCODEURL('ASSETS'!$B61&"|"&'ASSETS'!$C61&"|"&'ASSETS'!$D61&"|"&'ASSETS'!$E61&"|"&'ASSETS'!$H61),"Open resolved")))
A62: =IF('ASSETS'!$A62="","",HYPERLINK("#'ASSETS'!A62",'ASSETS'!$A62)) | B62: =IF('ASSETS'!$A62="","",UPPER('ASSETS'!$B62)) | C62: =IF('ASSETS'!$A62="","",IMAGE("http://127.0.0.1:5173/__dev/asset-preview"&"?assetId="&ENCODEURL('ASSETS'!$A62)&"&sig="&ENCODEURL('ASSETS'!$B62&"|"&'ASSETS'!$C62&"|"&'ASSETS'!$D62&"|"&'ASSETS'!$E62&"|"&'ASSETS'!$H62),"Preview")) | D62: =IF('ASSETS'!$A62="","",'ASSETS'!$I62) | E62: =IF('ASSETS'!$A62="","",'ASSETS'!$L62) | F62: =IF('ASSETS'!$A62="","",IF(UPPER('ASSETS'!$H62)<>"TRUE","Disabled",HYPERLINK("http://127.0.0.1:5173/__dev/asset-source"&"?assetId="&ENCODEURL('ASSETS'!$A62)&"&sig="&ENCODEURL('ASSETS'!$B62&"|"&'ASSETS'!$C62&"|"&'ASSETS'!$D62&"|"&'ASSETS'!$E62&"|"&'ASSETS'!$H62),"Open source"))) | G62: =IF('ASSETS'!$A62="","",IF(OR(UPPER('ASSETS'!$H62)<>"TRUE",'ASSETS'!$I62=""),"Unavailable",HYPERLINK("http://127.0.0.1:5173/__dev/asset-resolved"&"?assetId="&ENCODEURL('ASSETS'!$A62)&"&sig="&ENCODEURL('ASSETS'!$B62&"|"&'ASSETS'!$C62&"|"&'ASSETS'!$D62&"|"&'ASSETS'!$E62&"|"&'ASSETS'!$H62),"Open resolved")))
A63: =IF('ASSETS'!$A63="","",HYPERLINK("#'ASSETS'!A63",'ASSETS'!$A63)) | B63: =IF('ASSETS'!$A63="","",UPPER('ASSETS'!$B63)) | C63: =IF('ASSETS'!$A63="","",IMAGE("http://127.0.0.1:5173/__dev/asset-preview"&"?assetId="&ENCODEURL('ASSETS'!$A63)&"&sig="&ENCODEURL('ASSETS'!$B63&"|"&'ASSETS'!$C63&"|"&'ASSETS'!$D63&"|"&'ASSETS'!$E63&"|"&'ASSETS'!$H63),"Preview")) | D63: =IF('ASSETS'!$A63="","",'ASSETS'!$I63) | E63: =IF('ASSETS'!$A63="","",'ASSETS'!$L63) | F63: =IF('ASSETS'!$A63="","",IF(UPPER('ASSETS'!$H63)<>"TRUE","Disabled",HYPERLINK("http://127.0.0.1:5173/__dev/asset-source"&"?assetId="&ENCODEURL('ASSETS'!$A63)&"&sig="&ENCODEURL('ASSETS'!$B63&"|"&'ASSETS'!$C63&"|"&'ASSETS'!$D63&"|"&'ASSETS'!$E63&"|"&'ASSETS'!$H63),"Open source"))) | G63: =IF('ASSETS'!$A63="","",IF(OR(UPPER('ASSETS'!$H63)<>"TRUE",'ASSETS'!$I63=""),"Unavailable",HYPERLINK("http://127.0.0.1:5173/__dev/asset-resolved"&"?assetId="&ENCODEURL('ASSETS'!$A63)&"&sig="&ENCODEURL('ASSETS'!$B63&"|"&'ASSETS'!$C63&"|"&'ASSETS'!$D63&"|"&'ASSETS'!$E63&"|"&'ASSETS'!$H63),"Open resolved")))
A64: =IF('ASSETS'!$A64="","",HYPERLINK("#'ASSETS'!A64",'ASSETS'!$A64)) | B64: =IF('ASSETS'!$A64="","",UPPER('ASSETS'!$B64)) | C64: =IF('ASSETS'!$A64="","",IMAGE("http://127.0.0.1:5173/__dev/asset-preview"&"?assetId="&ENCODEURL('ASSETS'!$A64)&"&sig="&ENCODEURL('ASSETS'!$B64&"|"&'ASSETS'!$C64&"|"&'ASSETS'!$D64&"|"&'ASSETS'!$E64&"|"&'ASSETS'!$H64),"Preview")) | D64: =IF('ASSETS'!$A64="","",'ASSETS'!$I64) | E64: =IF('ASSETS'!$A64="","",'ASSETS'!$L64) | F64: =IF('ASSETS'!$A64="","",IF(UPPER('ASSETS'!$H64)<>"TRUE","Disabled",HYPERLINK("http://127.0.0.1:5173/__dev/asset-source"&"?assetId="&ENCODEURL('ASSETS'!$A64)&"&sig="&ENCODEURL('ASSETS'!$B64&"|"&'ASSETS'!$C64&"|"&'ASSETS'!$D64&"|"&'ASSETS'!$E64&"|"&'ASSETS'!$H64),"Open source"))) | G64: =IF('ASSETS'!$A64="","",IF(OR(UPPER('ASSETS'!$H64)<>"TRUE",'ASSETS'!$I64=""),"Unavailable",HYPERLINK("http://127.0.0.1:5173/__dev/asset-resolved"&"?assetId="&ENCODEURL('ASSETS'!$A64)&"&sig="&ENCODEURL('ASSETS'!$B64&"|"&'ASSETS'!$C64&"|"&'ASSETS'!$D64&"|"&'ASSETS'!$E64&"|"&'ASSETS'!$H64),"Open resolved")))
A65: =IF('ASSETS'!$A65="","",HYPERLINK("#'ASSETS'!A65",'ASSETS'!$A65)) | B65: =IF('ASSETS'!$A65="","",UPPER('ASSETS'!$B65)) | C65: =IF('ASSETS'!$A65="","",IMAGE("http://127.0.0.1:5173/__dev/asset-preview"&"?assetId="&ENCODEURL('ASSETS'!$A65)&"&sig="&ENCODEURL('ASSETS'!$B65&"|"&'ASSETS'!$C65&"|"&'ASSETS'!$D65&"|"&'ASSETS'!$E65&"|"&'ASSETS'!$H65),"Preview")) | D65: =IF('ASSETS'!$A65="","",'ASSETS'!$I65) | E65: =IF('ASSETS'!$A65="","",'ASSETS'!$L65) | F65: =IF('ASSETS'!$A65="","",IF(UPPER('ASSETS'!$H65)<>"TRUE","Disabled",HYPERLINK("http://127.0.0.1:5173/__dev/asset-source"&"?assetId="&ENCODEURL('ASSETS'!$A65)&"&sig="&ENCODEURL('ASSETS'!$B65&"|"&'ASSETS'!$C65&"|"&'ASSETS'!$D65&"|"&'ASSETS'!$E65&"|"&'ASSETS'!$H65),"Open source"))) | G65: =IF('ASSETS'!$A65="","",IF(OR(UPPER('ASSETS'!$H65)<>"TRUE",'ASSETS'!$I65=""),"Unavailable",HYPERLINK("http://127.0.0.1:5173/__dev/asset-resolved"&"?assetId="&ENCODEURL('ASSETS'!$A65)&"&sig="&ENCODEURL('ASSETS'!$B65&"|"&'ASSETS'!$C65&"|"&'ASSETS'!$D65&"|"&'ASSETS'!$E65&"|"&'ASSETS'!$H65),"Open resolved")))
A66: =IF('ASSETS'!$A66="","",HYPERLINK("#'ASSETS'!A66",'ASSETS'!$A66)) | B66: =IF('ASSETS'!$A66="","",UPPER('ASSETS'!$B66)) | C66: =IF('ASSETS'!$A66="","",IMAGE("http://127.0.0.1:5173/__dev/asset-preview"&"?assetId="&ENCODEURL('ASSETS'!$A66)&"&sig="&ENCODEURL('ASSETS'!$B66&"|"&'ASSETS'!$C66&"|"&'ASSETS'!$D66&"|"&'ASSETS'!$E66&"|"&'ASSETS'!$H66),"Preview")) | D66: =IF('ASSETS'!$A66="","",'ASSETS'!$I66) | E66: =IF('ASSETS'!$A66="","",'ASSETS'!$L66) | F66: =IF('ASSETS'!$A66="","",IF(UPPER('ASSETS'!$H66)<>"TRUE","Disabled",HYPERLINK("http://127.0.0.1:5173/__dev/asset-source"&"?assetId="&ENCODEURL('ASSETS'!$A66)&"&sig="&ENCODEURL('ASSETS'!$B66&"|"&'ASSETS'!$C66&"|"&'ASSETS'!$D66&"|"&'ASSETS'!$E66&"|"&'ASSETS'!$H66),"Open source"))) | G66: =IF('ASSETS'!$A66="","",IF(OR(UPPER('ASSETS'!$H66)<>"TRUE",'ASSETS'!$I66=""),"Unavailable",HYPERLINK("http://127.0.0.1:5173/__dev/asset-resolved"&"?assetId="&ENCODEURL('ASSETS'!$A66)&"&sig="&ENCODEURL('ASSETS'!$B66&"|"&'ASSETS'!$C66&"|"&'ASSETS'!$D66&"|"&'ASSETS'!$E66&"|"&'ASSETS'!$H66),"Open resolved")))
A67: =IF('ASSETS'!$A67="","",HYPERLINK("#'ASSETS'!A67",'ASSETS'!$A67)) | B67: =IF('ASSETS'!$A67="","",UPPER('ASSETS'!$B67)) | C67: =IF('ASSETS'!$A67="","",IMAGE("http://127.0.0.1:5173/__dev/asset-preview"&"?assetId="&ENCODEURL('ASSETS'!$A67)&"&sig="&ENCODEURL('ASSETS'!$B67&"|"&'ASSETS'!$C67&"|"&'ASSETS'!$D67&"|"&'ASSETS'!$E67&"|"&'ASSETS'!$H67),"Preview")) | D67: =IF('ASSETS'!$A67="","",'ASSETS'!$I67) | E67: =IF('ASSETS'!$A67="","",'ASSETS'!$L67) | F67: =IF('ASSETS'!$A67="","",IF(UPPER('ASSETS'!$H67)<>"TRUE","Disabled",HYPERLINK("http://127.0.0.1:5173/__dev/asset-source"&"?assetId="&ENCODEURL('ASSETS'!$A67)&"&sig="&ENCODEURL('ASSETS'!$B67&"|"&'ASSETS'!$C67&"|"&'ASSETS'!$D67&"|"&'ASSETS'!$E67&"|"&'ASSETS'!$H67),"Open source"))) | G67: =IF('ASSETS'!$A67="","",IF(OR(UPPER('ASSETS'!$H67)<>"TRUE",'ASSETS'!$I67=""),"Unavailable",HYPERLINK("http://127.0.0.1:5173/__dev/asset-resolved"&"?assetId="&ENCODEURL('ASSETS'!$A67)&"&sig="&ENCODEURL('ASSETS'!$B67&"|"&'ASSETS'!$C67&"|"&'ASSETS'!$D67&"|"&'ASSETS'!$E67&"|"&'ASSETS'!$H67),"Open resolved")))
A68: =IF('ASSETS'!$A68="","",HYPERLINK("#'ASSETS'!A68",'ASSETS'!$A68)) | B68: =IF('ASSETS'!$A68="","",UPPER('ASSETS'!$B68)) | C68: =IF('ASSETS'!$A68="","",IMAGE("http://127.0.0.1:5173/__dev/asset-preview"&"?assetId="&ENCODEURL('ASSETS'!$A68)&"&sig="&ENCODEURL('ASSETS'!$B68&"|"&'ASSETS'!$C68&"|"&'ASSETS'!$D68&"|"&'ASSETS'!$E68&"|"&'ASSETS'!$H68),"Preview")) | D68: =IF('ASSETS'!$A68="","",'ASSETS'!$I68) | E68: =IF('ASSETS'!$A68="","",'ASSETS'!$L68) | F68: =IF('ASSETS'!$A68="","",IF(UPPER('ASSETS'!$H68)<>"TRUE","Disabled",HYPERLINK("http://127.0.0.1:5173/__dev/asset-source"&"?assetId="&ENCODEURL('ASSETS'!$A68)&"&sig="&ENCODEURL('ASSETS'!$B68&"|"&'ASSETS'!$C68&"|"&'ASSETS'!$D68&"|"&'ASSETS'!$E68&"|"&'ASSETS'!$H68),"Open source"))) | G68: =IF('ASSETS'!$A68="","",IF(OR(UPPER('ASSETS'!$H68)<>"TRUE",'ASSETS'!$I68=""),"Unavailable",HYPERLINK("http://127.0.0.1:5173/__dev/asset-resolved"&"?assetId="&ENCODEURL('ASSETS'!$A68)&"&sig="&ENCODEURL('ASSETS'!$B68&"|"&'ASSETS'!$C68&"|"&'ASSETS'!$D68&"|"&'ASSETS'!$E68&"|"&'ASSETS'!$H68),"Open resolved")))

Sheet NAVIGATION_CONFIG
A1: Navigation Config
A2: Brand lockup and terminal button label.
A3: ADVANCED DATA SHEET | LAST SYNC 2026-10-25 20:55:30 UTC
A4: Back to HOME | B4: Guide | C4: Navigation | D4: Hero
A5: Supporting data sheet. Changes here feed one or more primary editing surfaces.
A6: Required | B6: Optional | C6: Generated | D6: Linked
A7: Editable data starts below. Use dropdown cells where present, and CTRL+CLICK linked ids to jump between related sheets.
A8: brandFirst | B8: brandLast | C8: logoIcon | D8: terminalButton | E8: rowStatus
A9: AMEDINA | B9: .DEV | C9: Terminal | D9: TERM_ACCESS | E9: READY

Sheet NAVIGATION
A1: Navigation
A2: Route labels, hrefs, and section enablement.
A3: ADVANCED DATA SHEET | LAST SYNC 2026-10-25 20:55:30 UTC
A4: Back to HOME | B4: Guide | C4: Navigation Config | D4: Hero
A5: Supporting data sheet. Changes here feed one or more primary editing surfaces.
A6: Required | B6: Optional | C6: Generated | D6: Linked
A7: Editable data starts below. Use dropdown cells where present, and CTRL+CLICK linked ids to jump between related sheets.
A8: id | B8: name | C8: href | D8: enabled | E8: order | F8: rowStatus
A9: home | B9: Start | C9: / | D9: TRUE | E9: 1 | F9: ENABLED
A10: about | B10: About | C10: /about | D10: TRUE | E10: 2 | F10: ENABLED
A11: projects | B11: Systems | C11: /projects | D11: TRUE | E11: 3 | F11: ENABLED
A12: tech-stack | B12: Stack | C12: /stack | D12: TRUE | E12: 4 | F12: ENABLED
A13: architect | B13: Architect | C13: /architect | D13: FALSE | E13: 5 | F13: DISABLED
A14: contact | B14: Contact | C14: /contact | D14: TRUE | E14: 6 | F14: ENABLED

Sheet ABOUT_BIO
A1: About Bio
A2: Long-form biography paragraphs in display order.
A3: ADVANCED DATA SHEET | LAST SYNC 2026-10-25 20:55:30 UTC
A4: Back to HOME | B4: Guide | C4: Profile | D4: About Stats
A5: Supporting data sheet. Changes here feed one or more primary editing surfaces.
A6: Required | B6: Optional | C6: Generated | D6: Linked
A7: Editable data starts below. Use dropdown cells where present, and CTRL+CLICK linked ids to jump between related sheets.
A8: paragraph_id | B8: text | C8: order | D8: rowStatus
A9: bio-1 | B9: I'm Alberto, a Computer Engineering student. Alongside my degree, I build my own projects and work with clients, putting what I learn into practice. | C9: 1 | D9: READY
A10: bio-2 | B10: My first projects were in game development with Unity and C#, from game interfaces to editor tools. That is where I started paying attention to both the code and the experience of using it. | C10: 2 | D10: READY
A11: bio-3 | B11: Since then, I've also worked on web applications and automation. I created DataCraft, my Unity asset for game data, JSON APIs and local saves, and I continue developing personal projects while studying. | C11: 3 | D11: READY

Sheet ABOUT_STATS
A1: About Stats
A2: Quick metrics shown in the profile/about section.
A3: ADVANCED DATA SHEET | LAST SYNC 2026-10-25 20:55:30 UTC
A4: Back to HOME | B4: Guide | C4: Profile | D4: About Bio
A5: Supporting data sheet. Changes here feed one or more primary editing surfaces.
A6: Required | B6: Optional | C6: Generated | D6: Linked
A7: Editable data starts below. Use dropdown cells where present, and CTRL+CLICK linked ids to jump between related sheets.
A8: id | B8: label | C8: value | D8: order | E8: rowStatus
A9: projects | B9: Projects Delivered | C9: 25+ | D9: 1 | E9: READY
A10: delivery | B10: On-Time Delivery | C10: 100% | D10: 2 | E10: READY
A11: global | B11: Global Clients | C11: 12+ | D11: 3 | E11: READY
A12: years | B12: Years Experience | C12: 5+ | D12: 4 | E12: READY

Sheet HERO_METADATA
A1: Hero Metadata
A2: Small metadata chips shown in the landing hero.
A3: ADVANCED DATA SHEET | LAST SYNC 2026-10-25 20:55:30 UTC
A4: Back to HOME | B4: Guide | C4: Hero
A5: Supporting data sheet. Changes here feed one or more primary editing surfaces.
A6: Required | B6: Optional | C6: Generated | D6: Linked
A7: Editable data starts below. Use dropdown cells where present, and CTRL+CLICK linked ids to jump between related sheets.
A8: label | B8: value | C8: order | D8: rowStatus
A9: Delivery_Focus | B9: PRODUCTS / AUTOMATION / AI | C9: 1 | D9: READY
A10: Work_Mode | B10: SPAIN / REMOTE | C10: 2 | D10: READY

Sheet TERMINAL
A1: Terminal
A2: Terminal shell labels and tooltip copy.
A3: ADVANCED DATA SHEET | LAST SYNC 2026-10-25 20:55:30 UTC
A4: Back to HOME | B4: Guide | C4: Terminal Lines | D4: Terminal Capabilities
A5: Supporting data sheet. Changes here feed one or more primary editing surfaces.
A6: Required | B6: Optional | C6: Generated | D6: Linked
A7: Editable data starts below. Use dropdown cells where present, and CTRL+CLICK linked ids to jump between related sheets.
A8: headerTitle | B8: welcomeMessage | C8: tooltipTitle | D8: tooltipDescription | E8: tooltipUsage | F8: rowStatus
A9: portfolio-agent -- evidence-mode | B9: Open the portfolio guide... | C9: Portfolio Guide | D9: Grounded in selected projects, CV routes, and live GitHub context when available. | E9: Use /help, paste a role after /fit, or ask to compare two systems. | F9: READY

Sheet TERMINAL_LINES
A1: Terminal Lines
A2: Initial and greeting lines for the terminal experience.
A3: ADVANCED DATA SHEET | LAST SYNC 2026-10-25 20:55:30 UTC
A4: Back to HOME | B4: Guide | C4: Terminal | D4: Terminal Capabilities
A5: Supporting data sheet. Changes here feed one or more primary editing surfaces.
A6: Required | B6: Optional | C6: Generated | D6: Linked
A7: Editable data starts below. Use dropdown cells where present, and CTRL+CLICK linked ids to jump between related sheets.
A8: group | B8: text | C8: color | D8: order | E8: rowStatus
A9: initial | B9: >>> PORTFOLIO_AGENT: READY | C9: electric-green | D9: 1 | E9: INITIAL / READY
A10: initial | B10: >>> CONTEXT: PROJECTS + CV + LIVE_GITHUB | C10: electric-cyan | D10: 2 | E10: INITIAL / READY
A11: initial | B11: >>> MODES: ASK / COMPARE / RECRUITER_FIT | C11: white | D11: 3 | E11: INITIAL / READY
A12: initial | B12: >>> COMMANDS: /help /fit /projects /cv /github /contact | C12: gray | D12: 4 | E12: INITIAL / READY
A13: greeting | B13: > GUEST_SESSION READY | C13: electric-green | D13: 1 | E13: GREETING / READY
A14: greeting | B14: > ASK NATURALLY OR RUN /HELP | C14: electric-green | D14: 2 | E14: GREETING / READY

Sheet TERMINAL_CAPABILITIES
A1: Terminal Capabilities
A2: Tooltip bullets that explain what the terminal can do.
A3: ADVANCED DATA SHEET | LAST SYNC 2026-10-25 20:55:30 UTC
A4: Back to HOME | B4: Guide | C4: Terminal
A5: Terminal Lines
A6: Required | B6: Optional | C6: Generated
A7: Editable data starts below. Use dropdown cells where present, and CTRL+CLICK linked ids to jump between related sheets.
A8: text | B8: order | C8: rowStatus
A9: Maps role requirements to specific project evidence and honest gaps. | B9: 1 | C9: READY
A10: Compares projects, architecture choices, and engineering trade-offs. | B10: 2 | C10: READY
A11: Opens the CV, selected systems, GitHub, stack, and contact routes. | B11: 3 | C11: READY
A12: Uses live GitHub activity when available and falls back to portfolio evidence. | B12: 4 | C12: READY

Sheet SECTION_HEADERS
A1: Section Headers
A2: Section badge ids and two-line labels across the site.
A3: ADVANCED DATA SHEET | LAST SYNC 2026-10-25 20:55:30 UTC
A4: Back to HOME | B4: Guide | C4: Navigation
A5: Supporting data sheet. Changes here feed one or more primary editing surfaces.
A6: Required | B6: Optional | C6: Generated | D6: Linked
A7: Editable data starts below. Use dropdown cells where present, and CTRL+CLICK linked ids to jump between related sheets.
A8: section_id | B8: id | C8: line1 | D8: line2 | E8: order | F8: rowStatus
A9: about | B9: SYS_01 | C9: A little | D9: background. | E9: 1 | F9: READY
A10: projects | B10: SYS_02 | C10: Selected | D10: Systems. | E10: 2 | F10: READY
A11: tech | B11: SYS_03 | C11: Technical | D11: Stack. | E11: 3 | F11: READY
A12: architect | B12: SYS_04 | C12: Project | D12: Architect. | E12: 4 | F12: READY
A13: console | B13: SYS_00 | C13: SYSTEM | D13: CONSOLE | E13: 5 | F13: READY

Sheet SKILL_CATEGORIES
A1: Skill Categories
A2: Top-level skill groups, icons, colors, and ordering.
A3: ADVANCED DATA SHEET | LAST SYNC 2026-10-25 20:55:30 UTC
A4: Back to HOME | B4: Guide | C4: Skill Items
A5: Supporting data sheet. Changes here feed one or more primary editing surfaces.
A6: Required | B6: Optional | C6: Generated | D6: Linked
A7: Editable data starts below. Use dropdown cells where present, and CTRL+CLICK linked ids to jump between related sheets.
A8: category_id | B8: title | C8: description | D8: projectIds | E8: icon | F8: color | G8: order | H8: rowStatus
A9: core-development | B9: Core Development | E9: Cpu | F9: electric-green | G9: 1 | H9: READY
A10: ai-vision-workflows | B10: AI & Vision Workflows | E10: Brain | F10: electric-cyan | G10: 2 | H10: READY
A11: frontend-interactive-systems | B11: Frontend & Interactive Systems | E11: Layers | F11: electric-green | G11: 3 | H11: READY
A12: infra-delivery | B12: Infra & Delivery | E12: Globe | F12: electric-cyan | G12: 4 | H12: READY

Sheet SKILL_ITEMS
A1: Skill Items
A2: Individual skills attached to a category id.
A3: ADVANCED DATA SHEET | LAST SYNC 2026-10-25 20:55:30 UTC
A4: Back to HOME | B4: Guide | C4: Skill Categories
A5: Supporting data sheet. Changes here feed one or more primary editing surfaces.
A6: Required | B6: Optional | C6: Generated | D6: Linked
A7: Editable data starts below. Use dropdown cells where present, and CTRL+CLICK linked ids to jump between related sheets.
A8: category_id | B8: label | C8: order | D8: rowStatus
A9: core-development | B9: Python | C9: 1 | D9: READY
A10: core-development | B10: C# | C10: 2 | D10: READY
A11: core-development | B11: SQL / NoSQL | C11: 3 | D11: READY
A12: core-development | B12: Node.js | C12: 4 | D12: READY
A13: core-development | B13: Multithreading | C13: 5 | D13: READY
A14: core-development | B14: API Design | C14: 6 | D14: READY
A15: ai-vision-workflows | B15: Groq (Llama 3) | C15: 1 | D15: READY
A16: ai-vision-workflows | B16: Tesseract OCR | C16: 2 | D16: READY
A17: ai-vision-workflows | B17: Selenium | C17: 3 | D17: READY
A18: ai-vision-workflows | B18: Data Processing | C18: 4 | D18: READY
A19: ai-vision-workflows | B19: Inference | C19: 5 | D19: READY
A20: frontend-interactive-systems | B20: React | C20: 1 | D20: READY
... A30: infra-delivery | B30: Postman | C30: 6 | D30: READY

Sheet PROJECT_STACK
A1: Project Stack
A2: Technology tags associated with each project.
A3: ADVANCED DATA SHEET | LAST SYNC 2026-10-25 20:55:30 UTC
A4: Back to HOME | B4: Guide | C4: Projects | D4: Project Architecture
A5: Supporting data sheet. Changes here feed one or more primary editing surfaces.
A6: Required | B6: Optional | C6: Generated | D6: Linked
A7: Editable data starts below. Use dropdown cells where present, and CTRL+CLICK linked ids to jump between related sheets.
A8: project_id | B8: label | C8: order | D8: rowStatus
A9: 1 | B9: Unity 3D | C9: 1 | D9: READY
A10: 1 | B10: C# | C10: 2 | D10: READY
A11: 1 | B11: HLSL Shaders | C11: 3 | D11: READY
A12: 1 | B12: Motion Design | C12: 4 | D12: READY
A13: 2 | B13: Python | C13: 1 | D13: READY
A14: 2 | B14: Flask | C14: 2 | D14: READY
A15: 2 | B15: Llama 3 | C15: 3 | D15: READY
A16: 2 | B16: Supabase | C16: 4 | D16: READY
A17: 3 | B17: React + Vite | C17: 1 | D17: READY
A18: 3 | B18: Firebase | C18: 2 | D18: READY
A19: 3 | B19: Tailwind | C19: 3 | D19: READY
A20: 3 | B20: Framer Motion | C20: 4 | D20: READY
... A38: 7 | B38: UPM | C38: 6 | D38: READY

Sheet PROJECT_ARCH
A1: Project Architecture
A2: Architecture nodes associated with each project.
A3: ADVANCED DATA SHEET | LAST SYNC 2026-10-25 20:55:30 UTC
A4: Back to HOME | B4: Guide | C4: Projects | D4: Project Stack
A5: Supporting data sheet. Changes here feed one or more primary editing surfaces.
A6: Required | B6: Optional | C6: Generated | D6: Linked
A7: Editable data starts below. Use dropdown cells where present, and CTRL+CLICK linked ids to jump between related sheets.
A8: project_id | B8: label | C8: workflow | D8: order | E8: rowStatus
A9: 1 | B9: Unity Core | D9: 1 | E9: READY
A10: 1 | B10: C# Systems | D10: 2 | E10: READY
A11: 1 | B11: HLSL Shaders | D11: 3 | E11: READY
A12: 1 | B12: Motion UI | D12: 4 | E12: READY
A13: 2 | B13: Outlook | D13: 1 | E13: READY
A14: 2 | B14: Python Backend | D14: 2 | E14: READY
A15: 2 | B15: Groq Llama 3 | D15: 3 | E15: READY
A16: 2 | B16: Web UI | D16: 4 | E16: READY
A17: 3 | B17: Serverless | D17: 1 | E17: READY
A18: 3 | B18: Event Listeners | D18: 2 | E18: READY
A19: 3 | B19: PWA Cache | D19: 3 | E19: READY
A20: 3 | B20: Reactive State | D20: 4 | E20: READY
... A32: 6 | B32: Sunshine + Moonlight | D32: 4 | E32: READY
A33: 7 | B33: Define typed templates | C33: Game data | D33: 1 | E33: READY
A34: 7 | B34: Create linked instances | C34: Game data | D34: 2 | E34: READY
A35: 7 | B35: Validate drafts | C35: Game data | D35: 3 | E35: READY
A36: 7 | B36: Publish Project Data | C36: Game data | D36: 4 | E36: READY
A37: 7 | B37: Read by stable ID | C37: Game data | D37: 5 | E37: READY
A38: 7 | B38: Configure endpoint / paste JSON | C38: JSON APIs | D38: 11 | E38: READY
A39: 7 | B39: Review C# preview | C39: JSON APIs | D39: 12 | E39: READY
A40: 7 | B40: Generate DTOs & client | C40: JSON APIs | D40: 13 | E40: READY
A41: 7 | B41: Integrate in gameplay | C41: JSON APIs | D41: 14 | E41: READY
A42: 7 | B42: Save player progress | C42: Local saves | D42: 21 | E42: READY
A43: 7 | B43: Write local JSON | C43: Local saves | D43: 22 | E43: READY
A44: 7 | B44: Inspect & review in Files | C44: Local saves | D44: 23 | E44: READY
A45: 7 | B45: Load saved state | C45: Local saves | D45: 24 | E45: READY

Sheet TESTIMONIAL_SOURCES
A1: Testimonial Sources
A2: Source presets and source-level labels used by testimonials.
A3: ADVANCED DATA SHEET | LAST SYNC 2026-10-25 20:55:30 UTC
A4: Back to HOME | B4: Guide | C4: Testimonials
A5: Supporting data sheet. Changes here feed one or more primary editing surfaces.
A6: Required | B6: Optional | C6: Generated | D6: Linked
A7: Editable data starts below. Use dropdown cells where present, and CTRL+CLICK linked ids to jump between related sheets.
A8: sourceKey | B8: source | C8: label | D8: clientName | E8: orderLabel | F8: order | G8: rowStatus
A9: fiverr | B9: Fiverr | C9: Verified Fiverr Client | D9: Fiverr Client | E9: From completed Fiverr order | F9: 1 | G9: READY
A10: direct | B10: Direct Client | C10: Verified Client | D10: Private Client | E10: From completed client project | F10: 2 | G10: READY

Sheet CONTACT_SOCIAL
A1: Contact Social
A2: Social links rendered inside the contact section.
A3: ADVANCED DATA SHEET | LAST SYNC 2026-10-25 20:55:30 UTC
A4: Back to HOME | B4: Guide | C4: Contact | D4: Contact Metadata
A5: Supporting data sheet. Changes here feed one or more primary editing surfaces.
A6: Required | B6: Optional | C6: Generated | D6: Linked
A7: Editable data starts below. Use dropdown cells where present, and CTRL+CLICK linked ids to jump between related sheets.
A8: name | B8: url | C8: icon | D8: order | E8: enabled | F8: rowStatus
A9: GitHub | B9: https://github.com/Albjav12345 | C9: Github | D9: 1 | E9: TRUE | F9: READY
A10: LinkedIn | B10: https://www.linkedin.com/in/alberto-medina-dev/ | C10: Linkedin | D10: 2 | E10: TRUE | F10: READY
A11: X | B11: https://x.com/Albjav12345 | C11: Twitter | D11: 3 | E11: TRUE | F11: READY
A12: Upwork | B12: https://www.upwork.com/freelancers/~0177774c838e1e7798 | C12: Upwork | D12: 4 | E12: TRUE | F12: READY

Sheet CONTACT_METADATA
A1: Contact Metadata
A2: Latency, encryption, uptime, and similar metadata labels.
A3: ADVANCED DATA SHEET | LAST SYNC 2026-10-25 20:55:30 UTC
A4: Back to HOME | B4: Guide | C4: Contact | D4: Contact Social | E4: Footer
A5: Supporting data sheet. Changes here feed one or more primary editing surfaces.
A6: Required | B6: Optional | C6: Generated | D6: Linked
A7: Editable data starts below. Use dropdown cells where present, and CTRL+CLICK linked ids to jump between related sheets.
A8: label | B8: value | C8: activeValue | D8: order | E8: rowStatus
A9: Latency | B9: < 24H_RESP | C9: SIGNAL_CALC... | D9: 1 | E9: READY
A10: Encryption | B10: TLS_1.3 | D10: 2 | E10: READY
A11: Uptime | B11: 99.9%_AVAIL | D11: 3 | E11: READY

Sheet FOOTER
A1: Footer
A2: Footer labels, status line, location, and vessel id.
A3: ADVANCED DATA SHEET | LAST SYNC 2026-10-25 20:55:30 UTC
A4: Back to HOME | B4: Guide | C4: Contact
A5: Supporting data sheet. Changes here feed one or more primary editing surfaces.
A6: Required | B6: Optional | C6: Generated | D6: Linked
A7: Editable data starts below. Use dropdown cells where present, and CTRL+CLICK linked ids to jump between related sheets.
A8: name | B8: status | C8: location | D8: vesselId | E8: rowStatus
A9: Alberto Medina Garcia | B9: System Status: All Systems Operational | C9: SPAIN / REMOTE | D9: AUTO_PORT_V2.0 | E9: READY
